Month,Region,Category,Total_Sales_Amount,Total_Qty_Sold,Avg_Unit_Cost,Avg_Unit_Price,Avg_Discount_Sales,Num_Transactions,New_Customers,Returning_Customers,Online_Txn,Retail_Txn,Inventory_Level,Units_Sold_Online,Units_Ordered,Demand_Forecast,Avg_Price,Avg_Discount_Inv,Weather_Mode,Holiday_Days,Competitor_Pricing,Seasonality,Gross_Profit,Profit_Margin_Pct,Avg_Revenue_Per_Txn,Transport_Cost_Est,Net_Profit,Net_Profit_Margin,Spot_Sales_Ratio,Online_Sales_Ratio,Price_vs_Competitor,Fulfillment_Rate,Inventory_Coverage,Year,MonthNum,Quarter,Recommended_Price,Recommended_Order_Qty,Sales_Growth_MoM,Profit_Growth_MoM
2023-01-01,East,Clothing,43007.44,239,2339.629,2586.527,0.172,10,5,5,5,5,279.0633802816901,17753,14611,129.9194366197183,56.82964788732394,10.0,Snowy,73,57.00697183098591,Summer,19611.15,45.599435818546745,4300.744000000001,467.92580000000004,19143.2242,44.51142453491768,0.5,0.5,2529.520028169014,1.0,35.028876185986206,2023,1,1,3275.4806,149.0,,
2023-02-01,East,Clothing,17183.69,72,2208.366666666667,2409.89,0.11333333333333334,3,2,1,0,3,254.33774834437085,19147,16146,131.6141059602649,53.66026490066225,9.47019867549669,Snowy,80,53.90158940397351,Summer,10558.589999999998,61.445417136831495,5727.8966666666665,132.502,10426.087999999998,60.67432547956811,1.0,0.0,2355.9884105960264,1.0,105.97406181015452,2023,2,1,3091.713333333333,151.0,-60.044843403838975,-45.53640551313192
2023-03-01,East,Clothing,41251.79,160,2517.63,2833.118,0.181,10,7,3,4,6,272.5779220779221,18191,18763,121.85032467532469,53.28753246753247,10.551948051948052,Cloudy,96,53.34383116883117,Spring,16075.489999999998,38.96919382164992,4125.179,503.52600000000007,15571.963999999998,37.74857769808291,0.6,0.4,2779.774168831169,1.0,51.1083603896104,2023,3,1,3524.682,140.0,140.06363010505893,49.35576987265022
2023-04-01,East,Clothing,20842.72,99,2613.98,2974.094,0.19,5,4,1,3,2,277.66137566137564,27360,21419,149.2363492063492,54.4489417989418,9.708994708994709,Cloudy,80,54.67936507936508,Spring,7772.8200000000015,37.29273338604559,4168.544,261.398,7511.422000000001,36.0385880537665,0.4,0.6,2919.414634920635,1.0,84.13981080647747,2023,4,2,3659.5719999999997,172.0,-49.4743864448064,-51.76316873067519
2023-05-01,East,Clothing,43500.66,184,2007.7971428571425,2190.585714285714,0.14857142857142858,7,2,5,4,3,249.95454545454547,21479,17188,145.01577922077922,55.702077922077926,9.87012987012987,Sunny,73,55.838896103896104,Autumn,29446.080000000005,67.6911108934899,6214.38,281.09159999999997,29164.988400000006,67.0449331113597,0.42857142857142855,0.5714285714285714,2134.7468181818176,1.0,40.75345849802371,2023,5,2,2810.9159999999993,167.0,108.70913201348,288.27519476338836
2023-06-01,East,Clothing,19231.92,207,2006.90875,2271.74375,0.1375,8,1,7,4,4,292.255033557047,23678,16915,163.79644295302012,56.656241610738256,10.671140939597315,Cloudy,81,56.66281879194631,Spring,3176.649999999998,16.517591587319405,2403.99,321.10540000000003,2855.544599999998,14.847943419065793,0.5,0.5,2215.0809312080537,1.0,42.35580196478942,2023,6,2,2809.67225,188.0,-55.78936043728993,-90.20899799157816
2023-07-01,East,Clothing,29878.79,145,3763.9600000000005,4018.036666666667,0.21333333333333335,6,3,3,0,6,279.7443181818182,26815,17895,159.01636363636365,52.333011363636366,10.170454545454545,Sunny,82,52.3765340909091,Winter,7295.029999999999,24.415413073956472,4979.798333333333,451.6752000000001,6843.354799999999,22.903721335435602,1.0,0.0,3965.660132575758,1.0,57.87813479623825,2023,7,3,5269.544000000001,183.0,55.360411232991844,139.6514766395175
2023-08-01,East,Clothing,28871.620000000003,157,1939.5716666666667,2168.4066666666668,0.18833333333333332,6,5,1,4,2,260.6807228915663,20752,17794,130.58108433734938,56.852409638554214,8.855421686746988,Cloudy,81,57.02228915662651,Winter,17234.190000000002,59.69249387460766,4811.936666666667,232.7486,17001.441400000003,58.886343752099826,0.3333333333333333,0.6666666666666666,2111.3843775100404,1.0,49.811603100299294,2023,8,3,2715.400333333333,150.0,-3.3708527018664336,148.43723432255777
2023-09-01,East,Clothing,16562.84,124,3365.7075,3575.4925000000003,0.225,4,3,1,1,3,265.45454545454544,17413,16291,125.82517482517483,56.81972027972028,10.06993006993007,Cloudy,78,56.9665034965035,Summer,3100.01,18.71665728824284,4140.71,269.2566,2830.7534,17.090990434007693,0.75,0.25,3518.5259965034966,1.0,64.22287390029325,2023,9,3,4711.9905,145.0,-42.632799960653415,-83.34992114256853
2023-10-01,East,Clothing,10919.57,74,2362.675,2432.2400000000002,0.08,2,1,1,0,2,276.76190476190476,19888,17329,139.59238095238095,55.992448979591835,9.523809523809524,Snowy,72,55.88945578231292,Summer,6194.219999999999,56.72586008423408,5459.785,94.507,6099.713,55.86037728591877,1.0,0.0,2376.3505442176875,1.0,112.20077220077219,2023,10,4,3307.745,161.0,-34.07187414718732,115.48019689740548
2023-11-01,East,Clothing,53158.57,196,1995.6922222222222,2187.7277777777776,0.16777777777777778,9,4,5,4,5,278.8787878787879,22831,17890,143.31484848484848,54.15975757575758,10.454545454545455,Cloudy,85,54.30115151515152,Winter,35197.34,66.21197673300843,5906.507777777778,359.2246,34838.115399999995,65.53621626766859,0.5555555555555556,0.4444444444444444,2133.426626262626,1.0,42.68552875695733,2023,11,4,2793.969111111111,165.0,386.81926119801415,471.14351773599833
2023-12-01,East,Clothing,32260.79,140,2808.1883333333335,3166.78,0.19666666666666668,6,5,1,2,4,247.40287769784172,17281,15699,127.96863309352517,54.51726618705036,10.575539568345324,Rainy,68,54.11014388489209,Autumn,15411.66,47.772109734448534,5376.798333333333,336.98260000000005,15074.6774,46.727551929137505,0.6666666666666666,0.3333333333333333,3112.669856115108,1.0,53.014902363823225,2023,12,4,3931.4636666666665,147.0,-39.312156064393754,-56.729354539080475
2023-01-01,East,Electronics,21903.95,116,3838.2174999999997,4109.375,0.1675,4,3,1,3,1,282.23571428571427,18431,16070,137.01771428571428,58.700357142857136,10.107142857142858,Sunny,70,58.82078571428571,Winter,6551.080000000002,29.9082129022391,5475.9875,307.0574,6244.022600000002,28.506377160283886,0.25,0.75,4050.5542142857144,1.0,72.99199507389162,2023,1,1,5373.504499999999,158.0,,
2023-02-01,East,Electronics,34604.85,223,2524.06,2724.3775,0.12875,8,5,3,6,2,272.10322580645163,20157,17030,136.64270967741936,54.63935483870968,9.387096774193548,Snowy,80,54.49335483870967,Summer,14412.369999999999,41.64841055516784,4325.60625,403.8496,14008.5204,40.481378766271206,0.25,0.75,2669.8841451612902,1.0,36.605815130912774,2023,2,1,3533.6839999999997,157.0,57.98451877401107,124.35089200349778
2023-03-01,East,Electronics,48909.380000000005,324,2895.620833333333,3114.0783333333334,0.12083333333333333,12,8,4,7,5,250.58620689655172,19100,16023,135.67793103448275,57.48572413793104,9.689655172413794,Snowy,70,57.35579310344828,Summer,14161.930000000008,28.95544780980664,4075.781666666667,694.949,13466.981000000007,27.534556766002773,0.4166666666666667,0.5833333333333334,3056.722540229885,1.0,23.20242656449553,2023,3,1,4053.869166666666,156.0,41.33677793719668,-3.8657858541576773
2023-04-01,East,Electronics,16025.279999999999,83,2175.5,2372.8675,0.21000000000000002,4,2,2,3,1,279.4357142857143,17415,15083,129.3725,55.402071428571425,10.714285714285714,Sunny,66,55.39621428571429,Summer,7323.279999999999,45.69829669122786,4006.3199999999997,174.04,7149.239999999999,44.61226262505241,0.25,0.75,2317.4712857142854,1.0,101.00086058519794,2023,4,2,3045.7,149.0,-67.23475128901654,-46.91282329721862
2023-05-01,East,Electronics,8941.869999999999,83,3521.736666666666,3827.0866666666666,0.20000000000000004,3,2,1,1,2,272.9645390070922,19060,16384,139.47801418439718,54.57709219858156,10.28368794326241,Rainy,63,54.678865248226955,Autumn,-1623.3400000000001,-18.154368157890914,2980.623333333333,211.30419999999998,-1834.6442000000002,-20.51745552104873,0.6666666666666666,0.3333333333333333,3772.4078014184397,1.0,98.6618815688285,2023,5,2,4930.431333333332,160.0,-44.201474170810116,-125.6620871589148
2023-06-01,East,Electronics,22137.0,35,2488.8,2730.915,0.18000000000000002,4,3,1,2,2,271.2682926829268,21124,17649,133.53,54.32262195121951,9.939024390243903,Snowy,81,54.61615853658536,Spring,12181.8,55.02913673939558,5534.25,199.104,11982.696,54.12971947418349,0.5,0.5,2676.2988414634146,1.0,232.51567944250868,2023,6,2,3484.32,154.0,147.56566579473872,-753.1345968880505
2023-07-01,East,Electronics,33950.86,113,1557.852,1832.854,0.152,5,4,1,3,2,274.34615384615387,22380,16551,148.8626282051282,51.70858974358974,10.352564102564102,Cloudy,62,51.76660256410256,Summer,26161.6,77.05725274705854,6790.1720000000005,155.7852,26005.8148,76.59839780199972,0.4,0.6,1781.0873974358974,1.0,72.8352620830497,2023,7,3,2180.9928,171.0,53.36703256990558,117.028077821552
2023-08-01,East,Electronics,16683.02,52,2003.83,2248.175,0.060000000000000005,4,3,1,3,1,264.89385474860336,24199,20159,138.37111731843575,54.987988826815645,9.441340782122905,Rainy,95,55.119217877094975,Summer,8667.7,51.95522153662826,4170.755,160.3064,8507.393600000001,50.99432596736083,0.25,0.75,2193.0557821229054,1.0,152.82337773957886,2023,8,3,2805.3619999999996,159.0,-50.86127420630877,-67.28657161705235
2023-09-01,East,Electronics,8564.24,26,2007.32,2202.87,0.11,1,0,1,1,0,260.75816993464053,20905,17044,142.0450980392157,52.19424836601307,8.823529411764707,Rainy,74,52.14150326797385,Summer,6556.92,76.56160966997656,8564.24,40.1464,6516.7736,76.0928418633761,0.0,1.0,2150.728496732026,1.0,300.87481146304674,2023,9,3,2810.2479999999996,163.0,-48.66492997071275,-23.398705803384956
2023-10-01,East,Electronics,49910.53,258,2839.08,3118.888,0.11000000000000001,10,2,8,4,6,286.5359477124183,22135,16694,148.34379084967318,53.40993464052288,10.718954248366012,Sunny,75,53.59921568627451,Winter,21519.73,43.116612867064326,4991.053,567.816,20951.914,41.97894512440561,0.6,0.4,3065.2887843137255,1.0,33.318133454932365,2023,10,4,3974.7119999999995,171.0,482.77827337860685,221.50747112037158
2023-11-01,East,Electronics,16445.48,171,2097.934,2442.05,0.2,5,3,2,2,3,283.8269230769231,20063,17696,133.8421794871795,57.0173717948718,9.455128205128204,Sunny,75,56.729615384615386,Winter,5955.809999999998,36.21548291688657,3289.096,209.79340000000005,5746.016599999997,34.939792575224295,0.6,0.4,2385.3203846153847,1.0,49.79419703103914,2023,11,4,2937.1076000000003,154.0,-67.05007941210002,-72.57521866498689
2023-12-01,East,Electronics,25024.96,139,2208.112,2457.9880000000003,0.174,5,1,4,2,3,256.90555555555557,25024,18634,143.6301111111111,54.86072222222222,9.86111111111111,Cloudy,99,54.54244444444444,Spring,13984.399999999998,55.88180760328887,5004.992,220.81120000000004,13763.588799999998,54.99944375535465,0.6,0.4,2403.445555555556,1.0,55.44724220623501,2023,12,4,3091.3568,165.0,52.16922826211214,139.5327016632706
2023-01-01,East,Food,27620.5,211,2773.0522222222226,3024.7244444444445,0.14555555555555555,9,2,7,3,6,291.91620111731845,28347,20306,162.3950279329609,57.83469273743017,10.223463687150838,Cloudy,83,57.7577094972067,Winter,2663.029999999999,9.641498162596617,3068.9444444444443,499.1494,2163.8805999999986,7.8343281258485495,0.6666666666666666,0.3333333333333333,2966.966734947238,1.0,41.50467314464243,2023,1,1,3882.273111111111,187.0,,
2023-02-01,East,Food,15932.92,90,3409.44,3644.99,0.18333333333333332,3,2,1,1,2,285.1832061068702,19846,14795,158.43396946564886,53.133664122137404,9.885496183206106,Cloudy,73,53.67221374045802,Autumn,5704.6,35.80385767329529,5310.973333333333,204.5664,5500.033600000001,34.5199348267612,0.6666666666666666,0.3333333333333333,3591.3177862595417,1.0,95.06106870229007,2023,2,1,4773.215999999999,182.0,-42.314874821237844,154.17454179311022
2023-03-01,East,Food,6762.2300000000005,47,3176.7700000000004,3580.1549999999997,0.13,2,1,1,0,2,300.36,23731,17220,163.45473333333334,56.900800000000004,9.933333333333334,Sunny,85,56.99699999999999,Spring,408.6899999999996,6.043716348009452,3381.1150000000002,127.07080000000002,281.6191999999996,4.1645906749696415,1.0,0.0,3523.158,1.0,191.71914893617023,2023,3,1,4447.478,188.0,-57.558124938805946,-94.8796821895779
2023-04-01,East,Food,38537.46,64,2956.936,3184.236,0.16999999999999998,5,3,2,2,3,275.2,22510,19013,137.70705882352942,55.99852941176471,10.0,Cloudy,87,56.144705882352945,Spring,23752.78,61.6355618662984,7707.492,295.6936,23457.0864,60.86827310362437,0.6,0.4,3128.091294117647,1.0,129.0,2023,4,2,4139.7104,158.0,469.89277205892137,8229.363338863272
2023-05-01,East,Food,13014.85,67,2766.72,3059.81,0.135,2,2,0,2,0,268.8511904761905,21797,17935,134.8260119047619,56.996071428571426,9.047619047619047,Sunny,72,57.422440476190474,Autumn,7481.410000000001,57.48364368394565,6507.425,110.66879999999999,7370.7412,56.63331655762456,0.0,1.0,3002.3875595238096,1.0,120.38113006396588,2023,5,2,3873.4079999999994,155.0,-66.22805446959919,-68.57776334916001
2023-06-01,East,Food,26315.73,125,2578.5199999999995,2785.886,0.188,5,2,3,3,2,272.54430379746833,22431,16741,147.80050632911392,55.236075949367084,10.0,Cloudy,74,55.31721518987342,Winter,13423.130000000001,51.00800927810097,5263.146,257.852,13165.278,50.028169463662984,0.4,0.6,2730.5687848101265,1.0,65.4106329113924,2023,6,2,3609.927999999999,170.0,102.19772029643059,78.61538809692573
2023-07-01,East,Food,28082.629999999997,156,2400.136,2611.77,0.192,5,2,3,4,1,302.04487179487177,24441,17014,162.59576923076924,52.6674358974359,10.224358974358974,Snowy,78,52.880833333333335,Spring,16081.949999999997,57.26653806997422,5616.526,240.0136,15841.936399999997,56.41186883137369,0.2,0.8,2558.889166666667,1.0,58.08555226824457,2023,7,3,3360.1904,187.0,6.71423517417149,20.33119543696682
2023-08-01,East,Food,31852.2,163,2670.032857142857,2963.7771428571427,0.17142857142857143,7,4,3,3,4,289.8695652173913,19181,14887,143.88876811594204,55.796231884057974,9.528985507246377,Sunny,65,56.036811594202895,Spring,13161.970000000001,41.32201229428423,4550.314285714286,373.8046,12788.165400000002,40.14845254016991,0.5714285714285714,0.42857142857142855,2907.74033126294,1.0,53.350226727127236,2023,8,3,3738.046,165.0,13.423137362846727,-19.276500819685126
2023-09-01,East,Food,42323.86,136,2569.71,2897.6049999999996,0.19499999999999998,6,3,3,2,4,281.3290322580645,23884,17873,157.2412258064516,56.02909677419355,9.67741935483871,Sunny,86,56.39316129032258,Winter,26905.6,63.57076126799398,7053.9766666666665,308.3652,26597.2348,62.84217649335386,0.6666666666666666,0.3333333333333333,2841.211838709677,1.0,62.057874762808346,2023,9,3,3597.5939999999996,181.0,32.87578252051664,107.98319358615736
2023-10-01,East,Food,14282.82,114,3376.4919999999997,3596.744,0.17400000000000002,5,3,2,4,1,264.76785714285717,20955,17659,130.35160714285715,55.86095238095238,9.107142857142858,Rainy,78,56.04678571428572,Summer,-2599.6399999999994,-18.201167556546952,2856.564,337.6492,-2937.2891999999993,-20.56519090767789,0.2,0.8,3540.6972142857144,1.0,69.67575187969926,2023,10,4,4727.0887999999995,150.0,-66.25350334303157,-111.04358863651495
2023-11-01,East,Food,59249.28,171,1350.9940000000001,1568.575,0.177,10,7,3,5,5,286.8045112781955,19089,16378,149.2115037593985,55.73932330827068,10.075187969924812,Rainy,65,56.295413533834584,Summer,45739.34,77.19813641617247,5924.928,270.19880000000006,45469.1412,76.74209914449594,0.5,0.5,1512.2795864661655,1.0,50.316580925999205,2023,11,4,1891.3916000000002,172.0,314.82900435628255,-1647.9967447536324
2023-12-01,East,Food,13512.82,77,1537.2633333333333,1839.0033333333333,0.08333333333333333,3,1,2,1,2,289.27941176470586,17507,14417,132.57514705882355,56.441911764705885,10.183823529411764,Snowy,62,56.38647058823529,Winter,8901.029999999999,65.87100249984829,4504.2733333333335,92.2358,8808.794199999998,65.18842254984524,0.6666666666666666,0.3333333333333333,1782.616862745098,1.0,112.70626432391137,2023,12,4,2152.1686666666665,152.0,-77.19327559761065,-80.6268735948767
2024-01-01,East,Food,8377.57,42,63.41,314.93,0.03,1,0,1,0,1,176.75,368,531,95.5125,68.83500000000001,17.5,Snowy,3,71.41499999999999,Spring,8314.16,99.24309793890114,8377.57,1.2682,8312.8918,99.22795989767916,1.0,0.0,243.51500000000001,1.0,126.25000000000001,2024,1,1,88.77399999999999,110.0,-38.002800303711595,-5.6296286272643155
2023-01-01,East,Furniture,35303.07,175,3049.8700000000003,3262.28,0.19666666666666666,6,4,2,5,1,272.04794520547944,21132,16733,150.38212328767125,57.21328767123287,10.89041095890411,Rainy,75,57.20630136986302,Spring,17003.85,48.165357856979576,5883.845,365.98440000000005,16637.865599999997,47.128665014119164,0.16666666666666666,0.8333333333333334,3205.073698630137,1.0,46.63679060665362,2023,1,1,4269.818,173.0,,
2023-02-01,East,Furniture,27482.27,246,2914.6271428571426,3158.3514285714286,0.19714285714285712,7,4,3,3,4,268.0230769230769,18155,14248,145.87061538461538,55.28830769230769,9.884615384615385,Snowy,61,55.37015384615385,Autumn,7079.880000000001,25.76162740559641,3926.0385714285717,408.0478,6671.832200000001,24.27685995370834,0.5714285714285714,0.42857142857142855,3102.981274725275,1.0,32.685741088180116,2023,2,1,4080.4779999999996,168.0,-22.153314145200397,-59.89971093407558
2023-03-01,East,Furniture,41119.97,151,2273.3566666666666,2637.1583333333333,0.145,6,4,2,3,3,275.7515923566879,21782,17091,143.44382165605094,54.976878980891726,10.636942675159236,Sunny,86,54.69535031847134,Autumn,27479.83,66.82842910634419,6853.328333333334,272.8028,27207.0272,66.16499768847108,0.5,0.5,2582.462983014862,1.0,54.78508457417641,2023,3,1,3182.699333333333,165.0,49.62363007131507,307.7894405078113
2023-04-01,East,Furniture,10936.49,121,984.8433333333334,1261.87,0.21333333333333335,3,2,1,1,2,285.8854961832061,19435,14034,152.30381679389313,57.43748091603054,9.236641221374045,Rainy,64,57.21778625954198,Autumn,7981.959999999999,72.98465961199616,3645.4966666666664,59.0906,7922.869399999999,72.44435280423608,0.6666666666666666,0.3333333333333333,1204.652213740458,1.0,70.88070153302631,2023,4,2,1378.7806666666665,175.0,-73.40345822236738,-70.87932708796644
2023-05-01,East,Furniture,22038.02,114,1834.825,2003.88,0.185,4,2,2,2,2,258.13286713286715,17188,14736,125.6937062937063,56.45958041958042,9.86013986013986,Snowy,74,56.206503496503494,Winter,14698.720000000001,66.69709892267998,5509.505,146.786,14551.934000000001,66.0310409011336,0.5,0.5,1947.6734965034966,1.0,67.9297018770703,2023,5,2,2568.755,145.0,101.50907649529239,83.66999713512888
2023-06-01,East,Furniture,27812.46,222,3133.65625,3339.2087500000002,0.13875,8,4,4,4,4,268.458904109589,20248,15960,143.83547945205478,54.154794520547945,10.205479452054794,Cloudy,79,54.215753424657535,Summer,2743.209999999999,9.86324115162772,3476.5575,501.385,2241.824999999999,8.060505974660275,0.5,0.5,3284.9929965753427,1.0,36.278230285079594,2023,6,2,4387.11875,165.0,26.20217242746852,-84.59431577960703
2023-07-01,East,Furniture,14426.28,24,2912.6966666666667,3217.7333333333336,0.18666666666666668,3,1,2,0,3,276.18120805369125,21136,16845,147.27456375838926,52.52046979865772,10.0,Cloudy,71,52.7293288590604,Summer,5688.1900000000005,39.42936086087335,4808.76,174.7618,5513.4282,38.21794807809082,1.0,0.0,3165.004004474273,1.0,345.226510067114,2023,7,3,4077.775333333333,169.0,-48.130154614154954,145.93481649994996
2023-08-01,East,Furniture,23757.809999999998,105,2481.2300000000005,2789.8525,0.2,4,1,3,0,4,270.622754491018,23888,19604,148.59239520958084,51.84263473053892,10.089820359281438,Sunny,86,51.65491017964072,Summer,13832.889999999996,58.22460066815922,5939.452499999999,198.49840000000003,13634.391599999995,57.3890926815224,1.0,0.0,2738.197589820359,1.0,77.32078699743371,2023,8,3,3473.7220000000007,171.0,64.68424292333157,147.2942623973954
2023-09-01,East,Furniture,14040.759999999998,73,648.175,884.05,0.135,2,1,1,0,2,275.9704142011834,21431,18228,131.80047337278106,56.490828402366866,9.940828402366863,Rainy,86,56.54005917159763,Spring,12744.409999999998,90.76723767089531,7020.379999999999,25.927,12718.482999999998,90.5825824243132,1.0,0.0,827.5099408284024,1.0,113.41249898678771,2023,9,3,907.4449999999998,152.0,-40.900444948419064,-6.717634544103879
2023-10-01,East,Furniture,12352.33,56,2805.976666666667,3096.633333333333,0.15333333333333332,3,1,2,1,2,279.1927710843373,25723,17839,160.18144578313252,53.84451807228916,9.96987951807229,Cloudy,79,53.68156626506024,Winter,3934.3999999999996,31.85148065182844,4117.443333333334,168.3586,3766.0413999999996,30.488510264865003,0.6666666666666666,0.3333333333333333,3042.951767068273,1.0,149.56755593803786,2023,10,4,3928.3673333333336,184.0,-12.025203763898807,-70.38922487847017
2023-11-01,East,Furniture,22974.83,77,2474.4385714285713,2712.9185714285713,0.15571428571428572,7,3,4,2,5,263.96875,21629,17516,140.393,53.5891875,9.71875,Rainy,79,53.324374999999996,Autumn,5653.760000000002,24.608495470913176,3282.1185714285716,346.4214,5307.338600000002,23.10066538033144,0.7142857142857143,0.2857142857142857,2659.594196428571,1.0,102.84496753246752,2023,11,4,3464.2139999999995,161.0,85.99592141725489,40.92618843754619
2023-12-01,East,Furniture,21911.949999999997,109,1840.1283333333333,2082.3283333333334,0.11833333333333333,6,1,5,2,4,291.40909090909093,22091,16385,147.8646103896104,56.24876623376623,9.805194805194805,Rainy,87,55.91688311688312,Summer,10871.179999999997,49.61301937983611,3651.9916666666663,220.8154,10650.364599999997,48.60527976743283,0.6666666666666666,0.3333333333333333,2026.4114502164502,1.0,80.20433694745623,2023,12,4,2576.1796666666664,170.0,-4.626280150930406,100.6724161145474
2023-01-01,North,Clothing,51066.15,255,3314.14625,3632.9762499999997,0.165,8,6,2,6,2,272.4179104477612,18825,14290,145.5060447761194,52.43492537313433,10.41044776119403,Snowy,67,52.523059701492535,Autumn,24552.980000000003,48.080734498292905,6383.26875,530.2633999999999,24022.716600000003,47.04234918825876,0.25,0.75,3580.4531902985073,1.0,32.04916593503073,2023,1,1,4639.804749999999,167.0,,
2023-02-01,North,Clothing,20077.6,125,3097.8,3124.3625,0.1775,4,2,2,3,1,282.0740740740741,19137,14481,146.40614814814816,59.87614814814815,10.555555555555555,Rainy,62,59.760814814814815,Summer,7686.399999999998,38.283460174522844,5019.4,247.824,7438.575999999998,37.049129378013305,0.25,0.75,3064.6016851851855,1.0,67.69777777777777,2023,2,1,4336.92,168.0,-60.68315312589652,-69.03524225066204
2023-03-01,North,Clothing,19710.7,104,1481.45,1673.836,0.11400000000000002,5,4,1,3,2,279.22222222222223,22051,17208,140.74216049382716,53.75703703703704,9.783950617283951,Rainy,82,53.678456790123455,Spring,12303.45,62.420157579385815,3942.1400000000003,148.145,12155.305,61.66856073097353,0.4,0.6,1620.1575432098766,1.0,80.5448717948718,2023,3,1,2074.0299999999997,162.0,-1.8274096505558335,63.409031513558546
2023-04-01,North,Clothing,37822.630000000005,202,1727.9414285714286,2043.564285714286,0.19,7,3,4,2,5,269.40845070422534,19129,15192,139.94464788732395,55.433098591549296,10.845070422535212,Rainy,62,55.34985915492958,Spring,25727.040000000005,68.02023021667188,5403.232857142858,241.9118,25485.128200000003,67.3806348210053,0.7142857142857143,0.2857142857142857,1988.2144265593563,1.0,40.011156045181984,2023,4,2,2419.118,161.0,91.88882180744471,109.66259752429086
2023-05-01,North,Clothing,11791.269999999999,55,2394.71,2558.366666666667,0.15666666666666665,3,1,2,1,2,275.5531914893617,18832,15479,138.37120567375888,54.457092198581556,9.25531914893617,Sunny,64,54.02787234042553,Winter,4607.1399999999985,39.07246632466222,3930.4233333333327,143.6826,4463.457399999998,37.85391565115546,0.6666666666666666,0.3333333333333333,2504.3387943262414,1.0,150.30174081237914,2023,5,2,3352.594,159.0,-68.82482788743143,-82.4860312062311
2023-06-01,North,Clothing,41264.770000000004,253,2007.3833333333334,2242.3022222222226,0.10111111111111111,9,5,4,4,5,265.79605263157896,19111,16598,131.75019736842106,54.55427631578947,10.296052631578947,Cloudy,73,54.84046052631579,Spring,23198.320000000003,56.21822198451609,4584.974444444445,361.329,22836.991,55.34258642420641,0.5555555555555556,0.4444444444444444,2187.4617616959067,1.0,31.517318493863115,2023,6,2,2810.3366666666666,152.0,249.9603520231494,411.64352996849505
2023-07-01,North,Clothing,40237.89,116,2064.2542857142857,2260.2657142857142,0.08714285714285715,7,4,3,4,3,281.6953125,18255,13359,146.502265625,52.95265625,9.84375,Cloudy,57,52.940703125,Summer,25788.11,64.08912097527977,5748.2699999999995,288.9956,25499.114400000002,63.37090339478537,0.42857142857142855,0.5714285714285714,2207.3250111607144,1.0,72.85223599137932,2023,7,3,2889.9559999999997,168.0,-2.48851502140931,11.657067255489139
2023-08-01,North,Clothing,42524.61,267,2543.467777777778,2708.237777777778,0.18444444444444447,9,6,3,4,5,269.20666666666665,19713,16139,137.05446666666666,57.93713333333333,10.433333333333334,Rainy,68,57.75026666666666,Summer,19633.4,46.16950043751136,4724.956666666667,457.8242,19175.575800000002,45.09289044626159,0.5555555555555556,0.4444444444444444,2650.4875111111114,1.0,30.247940074906364,2023,8,3,3560.854888888889,158.0,5.683001767736839,-24.79905184471818
2023-09-01,North,Clothing,34552.5,147,2487.1633333333334,2749.468333333333,0.17500000000000002,6,4,2,1,5,258.8875,19960,18519,128.0798125,54.366937500000006,10.0625,Sunny,71,54.8171875,Autumn,19629.52,56.810708342377545,5758.75,298.4596,19331.060400000002,55.9469225092251,0.8333333333333334,0.16666666666666666,2694.651145833333,1.0,52.83418367346938,2023,9,3,3482.0286666666666,147.0,-18.747050237497774,0.810847098526235
2023-10-01,North,Clothing,37095.04,175,2219.337142857143,2403.5299999999997,0.17714285714285713,7,3,4,4,3,277.10769230769233,17118,14791,136.3290769230769,57.156076923076924,9.5,Sunny,64,56.80184615384615,Spring,21559.68,58.12011524990942,5299.291428571429,310.70720000000006,21248.9728,57.282517554907606,0.42857142857142855,0.5714285714285714,2346.7281538461534,1.0,47.50417582417583,2023,10,4,3107.072,157.0,7.358483467187615,9.92140296659565
2023-11-01,North,Clothing,15079.78,134,1904.8,2156.682,0.13799999999999998,5,2,3,1,4,270.69032258064516,18774,17115,126.27993548387096,53.04677419354839,10.419354838709678,Snowy,65,53.2383870967742,Summer,5555.780000000001,36.842579931537465,3015.956,190.48,5365.300000000001,35.579431530168215,0.8,0.2,2103.4436129032256,1.0,60.60231102551757,2023,11,4,2666.72,145.0,-59.348257880298824,-74.75030887140106
2023-12-01,North,Clothing,21754.28,106,2058.5033333333336,2364.0666666666666,0.19833333333333333,6,4,2,4,2,290.1304347826087,20794,15723,157.17840579710145,56.48173913043478,10.0,Snowy,65,56.56086956521739,Spring,9403.259999999998,43.224873450190024,3625.713333333333,247.02040000000002,9156.239599999999,42.08937091919383,0.3333333333333333,0.6666666666666666,2307.5057971014494,1.0,82.1123872026251,2023,12,4,2881.904666666667,181.0,44.261255800814055,70.65661938754585
2023-01-01,North,Electronics,32405.1,202,1626.8014285714287,1891.55,0.15,7,3,4,3,4,257.6024844720497,20431,18073,131.87801242236026,52.17857142857143,9.627329192546584,Snowy,83,52.02335403726708,Summer,21017.489999999998,64.85858707425682,4629.3,227.75220000000002,20789.7378,64.15575881574198,0.5714285714285714,0.42857142857142855,1839.5266459627328,1.0,38.257794723571735,2023,1,1,2277.522,152.0,,
2023-02-01,North,Electronics,24094.71,118,3504.016666666667,3713.793333333333,0.16666666666666666,3,0,3,3,0,280.0546875,16350,13714,133.686796875,58.175,10.9765625,Sunny,61,57.760078125,Summer,13582.659999999998,56.371958824156835,8031.57,210.241,13372.418999999998,55.499398000639964,0.0,1.0,3656.0332552083332,1.0,71.20034427966102,2023,2,1,4905.623333333333,154.0,-25.645315089291497,-35.6777890676428
2023-03-01,North,Electronics,22272.35,46,4315.496666666667,4570.363333333334,0.16666666666666666,3,2,1,3,0,270.34814814814814,19629,14728,151.13925925925926,54.67037037037037,10.555555555555555,Rainy,69,54.9102962962963,Autumn,9325.859999999997,41.87191742227469,7424.116666666666,258.92980000000006,9066.930199999997,40.70935577072019,0.0,1.0,4515.453037037038,1.0,176.31400966183574,2023,3,1,6041.695333333333,174.0,-7.563319915450329,-32.19678354380012
2023-04-01,North,Electronics,35514.28,106,2380.844,2601.1639999999998,0.164,5,4,1,1,4,267.65359477124184,19143,16109,130.28254901960784,52.37699346405229,10.686274509803921,Rainy,78,52.32555555555556,Autumn,23610.059999999998,66.48046926475773,7102.856,238.08440000000002,23371.975599999998,65.81007865005287,0.8,0.2,2548.838444444444,1.0,75.75101738808732,2023,4,2,3333.1816,150.0,59.45457035292638,157.77165021078474
2023-05-01,North,Electronics,16364.15,93,2621.9266666666667,2824.7099999999996,0.12,3,2,1,1,2,284.76,20951,13346,172.11544,57.63904,10.24,Sunny,63,58.348639999999996,Winter,8498.369999999999,51.932853218773964,5454.716666666666,157.31560000000002,8341.054399999999,50.97151028314945,0.6666666666666666,0.3333333333333333,2766.3613599999994,1.0,91.85806451612903,2023,5,2,3670.697333333333,198.0,-53.922337718799305,-64.3117272465405
2023-06-01,North,Electronics,27562.05,131,2649.1114285714284,2976.0614285714287,0.11857142857142856,7,3,4,1,6,290.8636363636364,22974,16088,153.55935064935065,56.92668831168831,10.25974025974026,Cloudy,82,56.728311688311685,Summer,9018.27,32.71988114091659,3937.4357142857143,370.87559999999996,8647.394400000001,31.374278763734925,0.8571428571428571,0.14285714285714285,2919.333116883117,1.0,66.60999306037475,2023,6,2,3708.7559999999994,177.0,68.42946318629444,3.6726771617746845
2023-07-01,North,Electronics,34821.8,187,2089.2042857142856,2342.1985714285715,0.11571428571428573,7,5,2,6,1,279.6054421768707,21343,15518,150.13122448979593,55.15931972789116,9.693877551020408,Rainy,72,55.34972789115646,Winter,20197.370000000003,58.00208490083798,4974.542857142857,292.48859999999996,19904.881400000002,57.16212659885475,0.14285714285714285,0.8571428571428571,2286.848843537415,1.0,44.85648804976535,2023,7,3,2924.8859999999995,173.0,26.339659060193288,130.18357298471318
2023-08-01,North,Electronics,34978.45,116,3433.035,3542.7900000000004,0.13666666666666666,6,2,4,3,3,275.1265060240964,24185,18616,150.80668674698796,55.87620481927711,9.96987951807229,Cloudy,95,55.99265060240964,Autumn,14380.239999999998,41.11171306904679,5829.741666666666,411.9642,13968.275799999998,39.933947330427735,0.5,0.5,3486.7973493975906,1.0,71.15340673036975,2023,8,3,4806.249,173.0,0.4498618681400668,-29.824873008286325
2023-09-01,North,Electronics,39526.51,174,1859.57375,2173.02125,0.15625,8,4,4,4,4,275.46,18324,15711,127.222,54.193266666666666,8.8,Snowy,79,54.11026666666667,Winter,24649.920000000002,62.363006498676455,4940.81375,297.53180000000003,24352.3882,61.61026662864999,0.5,0.5,2118.910983333333,1.0,47.49310344827586,2023,9,3,2603.40325,146.0,13.00246294504188,74.34068849070124
2023-10-01,North,Electronics,17053.11,116,2166.91,2420.9733333333334,0.14333333333333334,3,0,3,1,2,282.9943820224719,25800,19059,150.59219101123597,56.436235955056176,9.831460674157304,Rainy,81,56.65938202247192,Summer,10552.380000000001,61.87950467685953,5684.37,130.0146,10422.3654,61.11709477039672,0.6666666666666666,0.3333333333333333,2364.3139513108613,1.0,73.188202247191,2023,10,4,3033.6739999999995,173.0,-56.85652489936501,-57.2018755844242
2023-11-01,North,Electronics,25012.9,140,1764.9542857142858,1992.4914285714287,0.09714285714285716,7,5,2,3,4,266.841726618705,19730,14589,146.5859712230216,55.26496402877698,10.179856115107913,Sunny,62,55.47820143884892,Summer,12658.220000000001,50.60676690827533,3573.2714285714287,247.0936,12411.126400000001,49.61890224644084,0.5714285714285714,0.42857142857142855,1937.01322713258,1.0,57.1803699897225,2023,11,4,2470.936,169.0,46.67647132986301,19.08166643245881
2023-12-01,North,Electronics,33060.88,231,2879.2033333333334,3168.5466666666666,0.09333333333333334,6,5,1,2,4,274.4634146341463,22959,17993,143.79030487804877,53.433902439024386,10.121951219512194,Cloudy,94,53.03414634146342,Autumn,15785.659999999996,47.747246897239265,5510.1466666666665,345.50440000000003,15440.155599999996,46.70219183518405,0.6666666666666666,0.3333333333333333,3115.5125203252032,1.0,35.644599303135884,2023,12,4,4030.8846666666664,165.0,32.175317536151326,24.405755790223793
2023-01-01,North,Food,29034.34,139,3317.963333333333,3549.99,0.14666666666666667,6,4,2,3,3,291.03409090909093,24754,18952,145.3034090909091,54.34920454545454,9.829545454545455,Rainy,87,54.33857954545454,Spring,9126.560000000001,31.43367474514661,4839.056666666666,398.1556,8728.404400000001,30.06234824004955,0.5,0.5,3495.651420454545,1.0,62.813113145846955,2023,1,1,4645.148666666666,167.0,,
2023-02-01,North,Food,7400.84,48,3304.285,3492.04,0.13,2,0,2,1,1,276.42063492063494,17491,13385,144.3520634920635,54.547222222222224,11.706349206349206,Snowy,56,54.61277777777778,Summer,792.2700000000004,10.705136173731637,3700.42,132.1714,660.0986000000005,8.919238897206268,0.5,0.5,3437.427222222222,1.0,172.76289682539684,2023,2,1,4625.999,166.0,-74.51004569072347,-92.43735086334908
2023-03-01,North,Food,13378.490000000002,88,1563.375,1686.9500000000003,0.2,2,1,1,0,2,279.55232558139534,22624,18534,136.6631976744186,55.06668604651163,9.825581395348838,Rainy,78,55.31436046511628,Summer,10251.740000000002,76.62852833167271,6689.245000000001,62.535000000000004,10189.205000000002,76.16109889830616,1.0,0.0,1631.635639534884,1.0,95.30192917547569,2023,3,1,2188.725,157.0,80.76988558055574,1443.5883366515236
2023-04-01,North,Food,25278.13,158,2542.2766666666666,2717.6749999999997,0.18000000000000002,6,3,3,6,0,261.4074074074074,17056,15611,130.89822222222222,56.68777777777778,9.88888888888889,Cloudy,64,56.92488888888889,Spring,10024.470000000001,39.65669137709158,4213.0216666666665,305.0732,9719.3968,38.44982520463341,0.0,1.0,2660.750111111111,1.0,49.63431786216596,2023,4,2,3559.1873333333333,151.0,88.94606192477626,-4.610842553467142
2023-05-01,North,Food,27108.79,131,3720.1259999999993,4022.5399999999995,0.128,5,3,2,3,2,283.6896551724138,24141,17781,142.95114942528735,51.36459770114943,9.971264367816092,Cloudy,86,51.37275862068966,Autumn,8508.160000000003,31.385244417032272,5421.758,372.01259999999996,8136.1474000000035,30.01294930537292,0.4,0.6,3971.16724137931,1.0,64.96709660436957,2023,5,2,5208.1763999999985,164.0,7.242070517083343,-16.28958496683659
2023-06-01,North,Food,9442.65,20,3115.06,3565.58,0.3,1,0,1,0,1,280.88732394366195,18454,15948,134.70218309859155,53.333098591549295,11.126760563380282,Rainy,71,53.99183098591549,Summer,6327.59,67.01074380602903,9442.65,62.3012,6265.2888,66.35095868214962,1.0,0.0,3511.5881690140845,1.0,421.33098591549293,2023,6,2,4361.084,155.0,-65.16757110885436,-22.9944039607739
2023-07-01,North,Food,26144.44,83,2082.76,2365.5125,0.155,4,3,1,2,2,269.406015037594,16772,14006,130.943984962406,51.375488721804516,10.075187969924812,Rainy,71,51.422180451127815,Winter,17813.399999999998,68.13456321879528,6536.11,166.62080000000003,17646.779199999997,67.49725448317118,0.5,0.5,2314.090319548872,1.0,97.37566808587735,2023,7,3,2915.864,151.0,176.87608880981506,181.65946955230532
2023-08-01,North,Food,16411.02,78,3273.245,3569.42,0.057499999999999996,4,1,3,3,1,275.7631578947368,20818,16742,142.17730263157895,51.75631578947368,10.493421052631579,Sunny,77,51.39875,Autumn,3318.040000000001,20.218365464182,4102.755,261.8596,3056.180400000001,18.622732773465643,0.25,0.75,3518.0212500000002,1.0,106.06275303643723,2023,8,3,4582.543,164.0,-37.229407093821855,-82.68136998053446
2023-09-01,North,Food,8995.75,49,2843.76,3146.6000000000004,0.08,1,1,0,0,1,262.38775510204084,20781,15883,146.76551020408164,60.36816326530613,10.510204081632653,Snowy,70,60.384557823129256,Autumn,6151.99,68.38773865436455,8995.75,56.87520000000001,6095.114799999999,67.75549342745184,1.0,0.0,3086.215442176871,1.0,160.6455643481883,2023,9,3,3981.264,169.0,-45.18469906197178,99.43570085064341
2023-10-01,North,Food,48428.39,181,2256.0837500000002,2500.67125,0.165,8,5,3,3,5,282.2953020134228,18851,16225,130.41624161073827,52.388657718120804,10.503355704697986,Sunny,86,52.460738255033554,Winter,30379.719999999998,62.73122026150363,6053.54875,360.9734,30018.7466,61.985844666733705,0.625,0.375,2448.2105117449664,1.0,46.789276576810416,2023,10,4,3158.5172500000003,150.0,438.3474418475391,392.5050238594358
2023-11-01,North,Food,17971.66,91,3404.0175,3708.6625000000004,0.1575,4,1,3,2,2,273.5068493150685,19262,16079,137.7100684931507,57.785000000000004,9.657534246575343,Snowy,71,57.69780821917808,Spring,4355.59,24.235880269268392,4492.915,272.3214,4083.2686000000003,22.720597874653762,0.5,0.5,3650.9646917808222,1.0,90.16709318079182,2023,11,4,4765.6245,158.0,-62.890238556350944,-86.39760462217299
2023-12-01,North,Food,29391.15,113,3466.326,3727.3740000000007,0.182,5,3,2,2,3,246.73170731707316,19469,16229,122.93506097560974,56.22457317073171,10.640243902439025,Snowy,84,56.09158536585366,Spring,12059.52,41.03112671671575,5878.2300000000005,346.6326,11712.8874,39.85174925105006,0.6,0.4,3671.2824146341472,1.0,65.50399309302827,2023,12,4,4852.8564,141.0,63.541653915108576,186.85076950362753
2023-01-01,North,Furniture,47618.63,169,2251.964,2542.252,0.148,10,3,7,4,6,280.52941176470586,19634,17830,134.39732026143793,54.74013071895425,10.196078431372548,Sunny,72,54.94856209150326,Spring,25098.989999999998,52.70834125215278,4761.862999999999,450.3928,24648.597199999997,51.76250807719583,0.6,0.4,2487.3034379084966,1.0,49.79812043160459,2023,1,1,3152.7495999999996,155.0,,
2023-02-01,North,Furniture,25573.010000000002,102,1130.8600000000001,1362.6299999999999,0.09,5,3,2,2,3,269.5859872611465,21351,16883,141.56515923566877,57.4203821656051,10.89171974522293,Rainy,72,57.39821656050956,Winter,19918.71,77.88957967794951,5114.602000000001,113.08600000000003,19805.624,77.44737127150852,0.6,0.4,1305.2317834394903,1.0,79.28999625327839,2023,2,1,1583.2040000000002,163.0,-46.29620801774431,-19.64806824787577
2023-03-01,North,Furniture,8451.15,87,3150.043333333333,3392.1133333333332,0.10666666666666667,3,1,2,2,1,278.1907894736842,21593,17001,147.3098684210526,52.70763157894737,10.493421052631579,Cloudy,77,52.68046052631579,Spring,-998.9799999999996,-11.820639794584164,2817.0499999999997,189.0026,-1187.9825999999996,-14.057052590475848,0.3333333333333333,0.6666666666666666,3339.4328728070172,1.0,95.92785843920146,2023,3,1,4410.060666666666,169.0,-66.95285380954374,-105.99820838767818
2023-04-01,North,Furniture,18404.74,145,1935.95,2117.292,0.156,5,2,3,1,4,286.1849315068493,22054,16511,155.85890410958905,58.18493150684932,9.76027397260274,Cloudy,83,58.283287671232884,Spring,8724.990000000002,47.40621166069176,3680.9480000000003,193.595,8531.395000000002,46.3543358939056,0.8,0.2,2059.008712328767,1.0,59.21067548417572,2023,4,2,2710.33,179.0,117.77793554723326,-818.1414104886727
2023-05-01,North,Furniture,55211.090000000004,339,2401.403,2658.7200000000003,0.136,10,5,5,3,7,270.9342105263158,18397,17629,125.99986842105262,57.09967105263158,9.342105263157896,Cloudy,81,57.20072368421053,Spring,31197.060000000005,56.50506084918809,5521.109,480.2806,30716.779400000007,55.63516206617186,0.7,0.3,2601.5192763157897,1.0,23.976478807638564,2023,5,2,3361.9641999999994,145.0,199.9829935114541,260.04404203532954
2023-06-01,North,Furniture,48498.86,234,2860.591111111111,3090.395555555556,0.19444444444444445,9,5,4,6,3,284.47712418300654,20266,17071,137.86385620915033,55.69339869281046,10.457516339869281,Rainy,83,56.0081045751634,Spring,22753.54,46.915618222778846,5388.762222222223,514.9064,22238.6336,45.85393058723442,0.3333333333333333,0.6666666666666666,3034.3874509803923,1.0,36.47142617730853,2023,6,2,4004.827555555555,159.0,-12.157394465495974,-27.601024474590595
2023-07-01,North,Furniture,23783.06,100,2764.728,3084.65,0.13399999999999998,5,3,2,3,2,287.3614457831325,23354,18840,146.710421686747,56.31734939759036,10.903614457831326,Cloudy,82,56.28367469879518,Autumn,9959.420000000002,41.87610845702782,4756.612,276.4728,9682.947200000002,40.71363062616838,0.4,0.6,3028.366325301205,1.0,86.20843373493976,2023,7,3,3870.6191999999996,169.0,-50.961610231663165,-56.458893229843035
2023-08-01,North,Furniture,30272.88,140,2724.655,3030.748333333333,0.10833333333333334,6,4,2,3,3,262.62264150943395,21943,18100,143.01704402515722,53.034339622641504,10.157232704402515,Cloudy,74,53.02566037735849,Winter,13924.95,45.998101270840436,5045.4800000000005,326.9586,13597.9914,44.918063296257245,0.5,0.5,2977.7226729559743,1.0,56.27628032345013,2023,8,3,3814.517,164.0,27.287573592296365,40.43236133725894
2023-09-01,North,Furniture,38076.630000000005,124,1876.266,2092.2580000000003,0.174,5,3,2,2,3,265.4846153846154,16195,14613,128.19884615384615,54.98223076923077,9.961538461538462,Snowy,72,54.940769230769234,Spring,28695.300000000003,75.3619739982241,7615.326000000001,187.6266,28507.673400000003,74.86921347818858,0.6,0.4,2037.317230769231,1.0,64.23014888337468,2023,9,3,2626.7724,147.0,25.778023101865433,109.6462084834088
2023-10-01,North,Furniture,36417.8,157,2498.7999999999997,2770.6316666666667,0.20666666666666667,6,3,3,3,3,278.12578616352204,22742,17775,147.58691823899372,53.42710691823899,10.314465408805031,Cloudy,78,53.54238993710692,Autumn,21425.000000000004,58.83112104520317,6069.633333333334,299.856,21125.144000000004,58.00774346610724,0.5,0.5,2717.08927672956,1.0,53.14505468092778,2023,10,4,3498.3199999999993,170.0,-4.356556764608632,-25.896639464096005
2023-11-01,North,Furniture,30326.47,200,2205.592857142857,2470.212857142857,0.1942857142857143,7,5,2,4,3,285.68125,22696,17612,146.58462500000002,55.4028125,9.65625,Cloudy,74,54.8703125,Winter,14887.320000000002,49.090184251579565,4332.352857142857,308.783,14578.537000000002,48.07198793661115,0.42857142857142855,0.5714285714285714,2415.342544642857,1.0,42.85218749999999,2023,11,4,3087.83,169.0,-16.7262437599196,-30.98964437828211
2023-12-01,North,Furniture,32349.03,130,2576.0014285714283,2825.5528571428576,0.1842857142857143,7,4,3,4,3,281.72549019607845,22318,16450,150.77745098039216,55.81437908496732,10.22875816993464,Cloudy,66,55.88111111111111,Summer,14317.02,44.257957657462995,4621.29,360.6402,13956.3798,43.143116810612256,0.42857142857142855,0.5714285714285714,2769.6717460317464,1.0,65.0135746606335,2023,12,4,3606.401999999999,173.0,6.669289238081433,-4.267624385080627
2023-01-01,South,Clothing,23116.43,91,2883.225,3204.0600000000004,0.105,4,3,1,1,3,275.54491017964074,21566,19410,134.75868263473055,56.218023952095805,8.592814371257486,Rainy,89,56.2025748502994,Summer,11583.53,50.109510854400966,5779.1075,230.658,11352.872000000001,49.11170107148898,0.75,0.25,3147.857425149701,1.0,90.83898137790354,2023,1,1,4036.5149999999994,155.0,,
2023-02-01,South,Clothing,23403.51,171,2233.022,2570.296,0.12,5,4,1,2,3,265.0890410958904,19018,17270,135.7073287671233,53.77,9.726027397260275,Rainy,73,53.99719178082192,Summer,12238.399999999998,52.293010749242306,4680.701999999999,223.30220000000003,12015.097799999998,51.338870964227155,0.6,0.4,2516.2988082191778,1.0,46.50684931506849,2023,2,1,3126.2308,156.0,1.241887263734065,5.833112537514706
2023-03-01,South,Clothing,32150.77,126,3100.705,3339.0,0.055,6,1,5,4,2,279.23225806451615,23021,16712,153.55309677419353,57.078580645161296,10.0,Sunny,68,57.55632258064516,Winter,13546.54,42.134418553583636,5358.461666666667,372.0846,13174.4554,40.9771069246553,0.3333333333333333,0.6666666666666666,3281.443677419355,1.0,66.48387096774194,2023,3,1,4340.986999999999,177.0,37.375846614460826,9.649173226039022
2023-04-01,South,Clothing,30348.82,151,2374.9759999999997,2533.5739999999996,0.20400000000000001,5,1,4,3,2,285.6666666666667,19619,17039,135.48546666666667,56.30886666666667,10.066666666666666,Snowy,75,56.57873333333333,Autumn,18473.940000000002,60.87202072436425,6069.764,237.49759999999995,18236.442400000004,60.08946113885154,0.4,0.6,2476.9952666666663,1.0,56.754966887417226,2023,4,2,3324.9663999999993,156.0,-5.604686917296231,38.42274193740109
2023-05-01,South,Clothing,25197.46,180,2503.6083333333336,2735.763333333334,0.18166666666666667,6,4,2,2,4,271.828025477707,20938,17838,138.443949044586,56.35796178343949,8.980891719745223,Sunny,87,56.18611464968153,Autumn,10175.809999999998,40.38426889059452,4199.576666666667,300.43300000000005,9875.376999999997,39.19195426840641,0.6666666666666666,0.3333333333333333,2679.577218683652,1.0,45.30467091295117,2023,5,2,3505.0516666666667,159.0,-16.973839510069922,-45.84811673575108
2023-06-01,South,Clothing,6607.47,64,2875.41,3180.7466666666674,0.11333333333333333,3,1,2,2,1,279.84615384615387,22285,16989,148.09403846153845,55.28903846153846,9.423076923076923,Sunny,78,55.077948717948715,Summer,-2018.7599999999993,-30.552692634245776,2202.4900000000002,172.5246,-2191.2845999999995,-33.16374648693069,0.3333333333333333,0.6666666666666666,3125.6687179487185,1.0,131.17788461538464,2023,6,2,4025.5739999999996,170.0,-73.77723786445142,-122.18937666886033
2023-07-01,South,Clothing,18082.22,45,2255.84,2557.8533333333335,0.18333333333333335,3,2,1,2,1,290.8150684931507,20483,16595,145.8004794520548,52.73006849315069,9.280821917808218,Sunny,66,52.599452054794526,Winter,11314.7,62.5736220441959,6027.406666666667,135.3504,11179.349600000001,61.82509448507982,0.3333333333333333,0.6666666666666666,2505.2538812785388,1.0,193.87671232876713,2023,7,3,3158.176,168.0,173.66329321207667,-610.1733293794883
2023-08-01,South,Clothing,13780.380000000001,194,3368.518,3612.8160000000003,0.176,5,2,3,2,3,283.51851851851853,23746,18527,152.1716049382716,54.97407407407407,10.061728395061728,Rainy,79,54.95172839506173,Winter,-3062.209999999999,-22.221520741808273,2756.076,336.8518,-3399.061799999999,-24.66595115664444,0.6,0.4,3557.8642716049385,1.0,43.84306987399771,2023,8,3,4715.9252,175.0,-23.790441660371343,-130.40482605535476
2023-09-01,South,Clothing,9242.130000000001,55,2510.7200000000003,2818.78,0.08,2,1,1,0,2,285.59183673469386,21970,16811,154.38680272108843,53.06095238095238,11.666666666666666,Rainy,69,53.12517006802721,Summer,4220.6900000000005,45.6679358546136,4621.0650000000005,100.42880000000001,4120.261200000001,44.581294571705875,1.0,0.0,2765.654829931973,1.0,155.7773654916512,2023,9,3,3515.0080000000003,178.0,-32.93269126105376,-221.21760186884515
2023-10-01,South,Clothing,33777.200000000004,187,2720.915,2969.2533333333336,0.19666666666666666,6,3,3,2,4,292.8766233766234,20949,16840,142.00987012987014,53.995389610389616,8.96103896103896,Snowy,67,53.44753246753247,Autumn,17451.710000000006,51.66713049038998,5629.533333333334,326.5098,17125.200200000007,50.70047310019778,0.6666666666666666,0.3333333333333333,2915.8058008658013,1.0,46.98555455239948,2023,10,4,3809.2809999999995,163.0,265.46986463077235,315.6338486501779
2023-11-01,South,Clothing,23388.260000000002,101,2502.03,2803.34,0.19999999999999998,3,2,1,2,1,278.6981132075472,23480,17968,153.35345911949685,53.1714465408805,11.037735849056604,Snowy,88,53.23811320754717,Spring,15882.170000000002,67.90659074253493,7796.086666666667,150.1218,15732.048200000001,67.26472255738562,0.3333333333333333,0.6666666666666666,2750.101886792453,1.0,82.78161778441995,2023,11,4,3502.842,176.0,-30.75725637412219,-8.135099057119376
2023-12-01,South,Clothing,28052.37,141,2980.06,3279.44,0.17833333333333334,6,3,3,2,4,288.2482269503546,22050,15422,162.2482978723404,53.542765957446804,9.858156028368795,Rainy,74,53.72120567375886,Winter,10172.009999999998,36.26078652178051,4675.3949999999995,357.60720000000003,9814.402799999998,34.98600225221612,0.6666666666666666,0.3333333333333333,3225.718794326241,1.0,61.329409989437146,2023,12,4,4172.084,187.0,19.942099155730265,-37.61522546059833
2024-01-01,South,Clothing,2370.72,11,213.41,503.36,0.27,1,0,1,1,0,372.0,93,132,111.59,81.61,0.0,Sunny,1,83.36,Summer,2157.31,90.9980934062226,2370.72,4.2682,2153.0418,90.81805527434705,0.0,1.0,420.0,0.8334080114705619,1014.5454545454546,2024,1,1,298.774,128.0,-91.54894934010923,-78.06242678362457
2023-01-01,South,Electronics,28413.77,84,1966.2942857142857,2174.8642857142854,0.10142857142857142,7,4,3,5,2,270.3805970149254,17622,15291,136.53223880597014,53.9365671641791,10.223880597014926,Rainy,68,53.92470149253731,Spring,14649.710000000001,51.558487310905946,4059.11,275.2812,14374.428800000002,50.58965705712407,0.2857142857142857,0.7142857142857143,2120.939584221748,1.0,96.56449893390193,2023,1,1,2752.812,157.0,,
2023-02-01,South,Electronics,2328.25,35,904.26,1134.455,0.24000000000000002,2,2,0,0,2,278.5826086956522,14946,12711,135.63373913043478,56.423478260869565,10.304347826086957,Sunny,60,56.70313043478261,Winter,519.73,22.322774616127994,1164.125,36.1704,483.55960000000005,20.769230108450554,1.0,0.0,1077.7518695652172,1.0,238.78509316770186,2023,2,1,1265.964,156.0,-91.80590959946532,-96.63597345864623
2023-03-01,South,Electronics,24199.03,96,2309.56,2619.9133333333334,0.09999999999999999,3,2,1,1,2,272.04137931034484,18891,15949,135.1741379310345,59.29786206896552,10.482758620689655,Rainy,78,59.59020689655172,Autumn,17270.35,71.36794326053565,8066.343333333333,138.5736,17131.7764,70.79530212574636,0.6666666666666666,0.3333333333333333,2560.323126436782,1.0,85.01293103448276,2023,3,1,3233.3839999999996,155.0,939.3656179533984,3442.846921041377
2023-04-01,South,Electronics,40147.59,145,2906.878571428572,3182.047142857143,0.16999999999999998,7,2,5,3,4,261.9154929577465,16988,14935,124.97457746478872,56.2312676056338,9.43661971830986,Rainy,65,56.120633802816904,Spring,19799.439999999995,49.31663394988341,5735.37,406.963,19392.476999999995,48.30296662888108,0.5714285714285714,0.42857142857142855,3125.9265090543263,1.0,54.18941233608548,2023,4,2,4069.63,144.0,65.90578217391358,13.195949720660582
2023-05-01,South,Electronics,26389.55,100,3323.8540000000003,3612.81,0.122,5,3,2,4,1,280.875,20990,18116,135.29525,57.42775,9.40625,Rainy,81,57.268125,Summer,9770.279999999999,37.02329141648872,5277.91,332.3854,9437.8946,35.7637572448185,0.2,0.8,3555.541875,1.0,84.2625,2023,5,2,4653.3956,156.0,-34.268657222015065,-51.33218618745814
2023-06-01,South,Electronics,35249.81,122,2304.12,2528.918333333333,0.09333333333333334,6,4,2,3,3,278.1387283236994,24348,19214,146.29341040462427,55.426647398843926,10.520231213872833,Sunny,85,55.68236994219653,Autumn,21425.089999999997,60.780724775537784,5874.968333333333,276.4944,21148.595599999997,59.99633927104855,0.5,0.5,2473.2359633911365,1.0,68.3947692599261,2023,6,2,3225.7679999999996,168.0,33.57488096614001,124.08170991865069
2023-07-01,South,Electronics,18942.489999999998,105,1820.4033333333334,2209.5533333333333,0.10333333333333333,3,2,1,2,1,261.3475609756098,22393,18403,142.0054268292683,54.062134146341464,10.304878048780488,Rainy,81,53.315975609756094,Summer,13481.279999999999,71.16952417554397,6314.163333333333,109.2242,13372.055799999998,70.59291465905486,0.3333333333333333,0.6666666666666666,2156.237357723577,1.0,74.67073170731707,2023,7,3,2548.5646666666667,163.0,-46.26215006548971,-36.770951353384426
2023-08-01,South,Electronics,21954.2,108,1943.4419999999998,2192.046,0.13999999999999999,5,3,2,1,4,269.24183006535947,20274,16978,137.01692810457516,52.62888888888889,11.437908496732026,Rainy,72,52.702026143790846,Winter,12236.990000000002,55.73871969828097,4390.84,194.3442,12042.645800000002,54.85349409224659,0.8,0.2,2139.343973856209,1.0,74.78939724037762,2023,8,3,2720.8187999999996,158.0,15.899229721119035,-9.94170245685032
2023-09-01,South,Electronics,30828.44,129,2825.498333333333,3129.5399999999995,0.12833333333333333,6,4,2,2,4,284.9342105263158,22427,17239,153.09440789473683,55.93046052631579,10.131578947368421,Cloudy,77,56.04315789473684,Summer,13875.45,45.008602446312565,5138.073333333333,339.05979999999994,13536.390200000002,43.908774495238816,0.6666666666666666,0.3333333333333333,3073.4968421052627,1.0,66.26376988984089,2023,9,3,3955.697666666666,176.0,40.42160497763525,12.403789207185678
2023-10-01,South,Electronics,32894.83,180,2813.4233333333336,3119.5383333333334,0.125,6,3,3,4,2,261.6258503401361,17923,17739,127.31108843537415,54.75632653061225,11.29251700680272,Cloudy,65,54.86387755102041,Spring,16014.29,48.68330372888384,5482.471666666667,337.61080000000004,15676.6792,47.656969803461514,0.3333333333333333,0.6666666666666666,3064.674455782313,1.0,43.60430839002268,2023,10,4,3938.7926666666667,146.0,6.702869168858383,15.811371926911487
2023-11-01,South,Electronics,24101.97,62,1245.9524999999999,1480.3525000000002,0.1775,4,2,2,2,2,261.0065359477124,18627,16712,127.66228758169936,52.95562091503268,9.836601307189543,Snowy,74,53.13516339869281,Winter,19118.160000000003,79.32198073435492,6025.4925,99.6762,19018.4838,78.908420349042,0.5,0.5,1427.2173366013074,1.0,126.29348513598985,2023,11,4,1744.3334999999997,147.0,-26.730218700020647,21.317043982120907
2023-12-01,South,Electronics,8214.03,108,3793.146666666667,4053.7966666666666,0.16333333333333333,3,2,1,1,2,255.8944099378882,20616,17469,132.93254658385092,55.26385093167701,9.440993788819876,Snowy,74,54.71167701863354,Autumn,-3165.41,-38.53662574887113,2738.01,227.58880000000002,-3392.9988,-41.307358263848556,0.6666666666666666,0.3333333333333333,3999.084989648033,1.0,71.08178053830228,2023,12,4,5310.405333333333,153.0,-65.91967378600172,-117.84053258756622
2023-01-01,South,Food,3187.48,55,2251.46,2426.725,0.025,2,0,2,2,0,279.3647798742138,21002,17826,136.85364779874214,55.79018867924528,10.817610062893081,Rainy,77,55.93358490566038,Autumn,-1315.44,-41.26896482487734,1593.74,90.0584,-1405.4984,-44.09434412137488,0.0,1.0,2370.7914150943398,1.0,152.38078902229844,2023,1,1,3152.044,157.0,,
2023-02-01,South,Food,25489.23,89,2945.976666666667,3022.83,0.21,3,1,2,1,2,289.9609375,19147,14416,154.58531250000001,54.839687500000004,9.6484375,Snowy,57,54.749765625,Autumn,16651.3,65.326806655203,8496.41,176.7586,16474.5414,64.63334278830706,0.6666666666666666,0.3333333333333333,2968.080234375,1.0,97.73964185393258,2023,2,1,4124.367333333334,178.0,699.6671351663383,-1272.149424005036
2023-03-01,South,Food,32861.78,255,1864.5088888888886,2149.261111111111,0.14777777777777779,9,4,5,4,5,285.5389221556886,22930,19044,141.90269461077844,56.056946107784434,9.550898203592814,Cloudy,86,56.06329341317365,Autumn,16081.2,48.9358762672016,3651.3088888888888,335.61159999999995,15745.5884,47.91459379254563,0.5555555555555556,0.4444444444444444,2093.1978176979374,1.0,33.59281437125748,2023,3,1,2610.312444444444,163.0,28.924176995538907,-4.424724077600106
2023-04-01,South,Food,37128.990000000005,93,1893.8400000000001,2123.935,0.1225,4,1,3,3,1,272.68125,19201,17753,124.3288125,54.175250000000005,10.25,Rainy,93,54.255250000000004,Summer,29553.630000000005,79.59718268662843,9282.247500000001,151.5072,29402.122800000005,79.189126340361,0.25,0.75,2069.67975,1.0,87.96169354838709,2023,4,2,2651.376,143.0,12.98532824454428,86.7324488172192
2023-05-01,South,Food,15113.36,136,3339.3375,3637.0375,0.17,4,2,2,3,1,274.01169590643275,22593,18269,135.49473684210525,53.65333333333333,9.970760233918128,Snowy,89,53.977192982456145,Summer,1756.0100000000002,11.618925242302176,3778.34,267.147,1488.8630000000003,9.85130374714822,0.25,0.75,3583.060307017544,1.0,60.4437564499484,2023,5,2,4675.0725,156.0,-59.29498755554623,-94.9362057626669
2023-06-01,South,Food,18625.85,117,3080.9975,3407.6675,0.15,4,2,2,2,2,274.13422818791946,20892,16753,144.21577181208053,54.748523489932886,11.275167785234899,Sunny,71,54.88422818791946,Summer,6301.859999999999,33.833945833344515,4656.4625,246.4798,6055.380199999999,32.5106247500114,0.5,0.5,3352.783271812081,1.0,70.29082774049218,2023,6,2,4313.3965,166.0,23.240960315905923,306.7117122260408
2023-07-01,South,Food,13653.04,69,3835.0,4150.15,0.16,2,2,0,2,0,299.09090909090907,20577,15089,148.93832167832167,56.87601398601398,10.454545454545455,Cloudy,64,57.0520979020979,Winter,5983.040000000001,43.82203523903834,6826.52,153.4,5829.640000000001,42.69847594381911,0.0,1.0,4093.0979020979016,1.0,130.0395256916996,2023,7,3,5369.0,171.0,-26.69843255475588,-3.7279277690936308
2023-08-01,South,Food,33331.08,167,1864.52,2009.2514285714283,0.16285714285714287,7,3,4,1,6,272.9453125,16074,13740,131.754296875,56.588203125,10.546875,Sunny,66,56.0909375,Spring,20279.440000000002,60.84243294846732,4761.582857142857,261.0328,20018.4072,60.05928160743667,0.8571428571428571,0.14285714285714285,1953.1604910714282,1.0,49.03209206586826,2023,8,3,2610.328,152.0,144.12936606059895,243.39010985240935
2023-09-01,South,Food,32446.16,224,1546.0614285714287,1828.9614285714285,0.14142857142857143,7,3,4,3,4,272.45454545454544,20304,15213,148.62272727272727,57.38517482517482,10.804195804195805,Snowy,70,57.402167832167834,Summer,21623.73,66.64495891039186,4635.165714285714,216.4486,21407.2814,65.97785808859969,0.5714285714285714,0.42857142857142855,1771.5592607392607,1.0,36.48944805194805,2023,9,3,2164.486,171.0,-2.6549394739084464,6.9379855556140235
2023-10-01,South,Food,31134.13,114,1159.17,1335.07,0.165,4,1,3,1,3,289.64606741573033,25580,20566,149.6355617977528,55.88842696629213,10.252808988764045,Snowy,89,55.94331460674157,Spring,26497.45,85.10740463921748,7783.5325,92.73360000000001,26404.7164,84.80955273200182,0.75,0.25,1279.1266853932584,1.0,76.22264931992903,2023,10,4,1622.838,172.0,-4.043714263875908,23.344556959951035
2023-11-01,South,Food,36768.659999999996,131,2172.3214285714284,2448.6985714285715,0.12428571428571429,7,3,4,3,4,274.12857142857143,19368,15365,143.14657142857143,52.62364285714286,9.821428571428571,Snowy,73,52.79714285714286,Autumn,21562.409999999996,58.643447979882865,5252.665714285714,304.125,21258.284999999996,57.816316939480515,0.5714285714285714,0.42857142857142855,2395.901428571429,1.0,62.777535441657584,2023,11,4,3041.2499999999995,165.0,18.097599001481647,-19.490576312343975
2023-12-01,South,Food,21447.75,127,2492.7740000000003,2724.3900000000003,0.192,5,2,3,1,4,279.4640522875817,21354,16849,144.87960784313728,56.38830065359477,9.57516339869281,Sunny,69,56.57091503267974,Autumn,8983.879999999997,41.88728421396182,4289.55,249.27740000000006,8734.602599999997,40.72502989824106,0.8,0.2,2667.8190849673206,1.0,66.01513046163348,2023,12,4,3489.8836,167.0,-41.66839368092282,-58.91200724799768
2023-01-01,South,Furniture,49076.23,295,2507.647777777778,2801.4955555555553,0.1288888888888889,9,4,5,6,3,292.72847682119203,21223,17080,145.57523178807946,52.876026490066224,10.562913907284768,Cloudy,73,53.06721854304636,Winter,26507.4,54.012706354991,5452.914444444445,451.37660000000005,26056.023400000002,53.092960482090824,0.3333333333333333,0.6666666666666666,2748.428337012509,1.0,29.768997642833085,2023,1,1,3510.7068888888894,167.0,,
2023-02-01,South,Furniture,13133.7,80,2082.585,2224.915,0.195,2,0,2,0,2,288.57232704402514,24066,17697,156.44584905660378,55.00194968553459,10.251572327044025,Sunny,69,54.881383647798735,Summer,8968.53,68.28639301948422,6566.85,83.3034,8885.2266,67.6521208798739,1.0,0.0,2170.033616352201,1.0,108.21462264150944,2023,2,1,2915.6189999999997,180.0,-73.23816438222741,-65.89952939633912
2023-03-01,South,Furniture,18626.13,94,1441.0333333333335,1745.1566666666668,0.2333333333333333,3,1,2,0,3,264.92857142857144,23153,19030,144.07267857142855,57.56797619047619,9.43452380952381,Sunny,76,57.519642857142856,Autumn,14303.03,76.79013300132664,6208.71,86.462,14216.568000000001,76.32593566135316,1.0,0.0,1687.637023809524,1.0,84.5516717325228,2023,3,1,2017.4466666666667,166.0,41.81936544918796,60.002312152624235
2023-04-01,South,Furniture,32558.87,141,3748.485,3973.936666666667,0.135,6,3,3,4,2,269.91735537190084,16043,14051,136.53727272727272,55.91479338842975,9.50413223140496,Sunny,64,56.05066115702479,Summer,10067.96,30.922326235523528,5426.4783333333335,449.8182,9618.1418,29.540772760234002,0.3333333333333333,0.6666666666666666,3917.886005509642,1.0,57.42922454721294,2023,4,2,5247.879,157.0,74.8021193881928,-32.34554359392507
2023-05-01,South,Furniture,15380.96,57,2680.0899999999997,2906.036666666667,0.21333333333333335,3,1,2,2,1,273.8376623376623,22936,17299,153.83902597402596,54.1187012987013,10.097402597402597,Snowy,85,54.29824675324676,Winter,7340.6900000000005,47.72582465593826,5126.986666666667,160.80539999999996,7179.8846,46.68034114905702,0.3333333333333333,0.6666666666666666,2851.7384199134203,1.0,144.12508544087493,2023,5,2,3752.1259999999993,177.0,-52.75953987346613,-25.3506056648073
2023-06-01,South,Furniture,49984.39,226,2168.423333333333,2466.4444444444443,0.14333333333333334,9,5,4,7,2,278.9390243902439,21082,18593,133.8695731707317,57.34682926829268,9.542682926829269,Rainy,83,57.61365853658536,Winter,30468.58,60.95619052268118,5553.821111111111,390.3162,30078.2638,60.17531433313481,0.2222222222222222,0.7777777777777778,2408.830785907859,1.0,37.02730412259875,2023,6,2,3035.7926666666663,154.0,224.97574923801898,318.92405624458087
2023-07-01,South,Furniture,17963.47,91,3187.7650000000003,3331.775,0.14,4,0,4,2,2,285.9148936170213,28124,20757,155.5875,52.91398936170213,10.824468085106384,Rainy,78,53.28664893617021,Summer,5212.41,29.016721156881157,4490.8675,255.02120000000002,4957.3888,27.597055580018782,0.5,0.5,3278.4883510638297,1.0,94.25765723638064,2023,7,3,4462.871,179.0,-64.06184010648124,-83.51836783877134
2023-08-01,South,Furniture,22515.49,92,3002.5874999999996,3252.0150000000003,0.1575,4,0,4,2,2,264.41333333333336,18581,15652,128.78073333333333,54.093133333333334,9.233333333333333,Snowy,68,54.08893333333334,Winter,10505.140000000003,46.657390090111306,5628.8725,240.20699999999997,10264.933000000003,45.59053789191353,0.5,0.5,3197.926066666667,1.0,86.22173913043478,2023,8,3,4203.6224999999995,148.0,25.340426988772215,107.06330316476294
2023-09-01,South,Furniture,15275.17,79,1083.6375,1380.935,0.2125,4,1,3,3,1,266.10493827160496,21931,17905,140.79574074074074,54.717592592592595,9.135802469135802,Cloudy,87,54.67895061728395,Spring,10940.619999999999,71.62355639904497,3818.7925,86.691,10853.928999999998,71.05602752702588,0.25,0.75,1326.256049382716,1.0,101.05250820440695,2023,9,3,1517.0925,162.0,-32.157061649557704,5.737942955886766
2023-10-01,South,Furniture,16920.73,61,2731.41,3175.516666666667,0.08,3,1,2,1,2,278.1381578947368,20911,16428,142.41776315789474,55.90973684210527,8.68421052631579,Sunny,73,55.90914473684211,Autumn,8726.5,51.57283403257424,5640.243333333333,163.8846,8562.6154,50.60429071322573,0.6666666666666666,0.3333333333333333,3119.6075219298245,1.0,136.78925798101812,2023,10,4,3823.9739999999997,164.0,10.77277699691721,-21.110453182437418
2023-11-01,South,Furniture,21262.79,135,2015.7483333333332,2287.6916666666666,0.15833333333333333,6,3,3,4,2,291.30128205128204,24420,16761,162.02243589743588,52.66891025641026,10.288461538461538,Rainy,82,52.69871794871795,Summer,9168.300000000001,43.11898861814466,3543.7983333333336,241.8898,8926.4102,41.98136839050755,0.3333333333333333,0.6666666666666666,2234.992948717949,1.0,64.73361823361823,2023,11,4,2822.0476666666664,186.0,25.66118601266021,4.248641133642406
2023-12-01,South,Furniture,17183.72,89,2913.226666666667,2965.8233333333333,0.16333333333333333,3,1,2,2,1,280.73988439306356,24695,18168,147.0714450867052,52.821329479768785,10.0,Rainy,86,52.71768786127168,Winter,8444.04,49.13976717497725,5727.906666666667,174.7936,8269.2464,48.122562518476784,0.3333333333333333,0.6666666666666666,2913.1056454720615,1.0,94.63142170552705,2023,12,4,4078.517333333333,169.0,-19.184076972024833,-7.3620165920674445
2023-01-01,West,Clothing,13317.039999999999,74,3552.8275,3735.5425,0.1025,4,2,2,2,2,274.3066666666667,21549,15706,148.55846666666667,55.49533333333333,10.5,Snowy,77,55.450399999999995,Winter,-894.2700000000004,-6.715231012297031,3329.2599999999998,284.2262,-1178.4962000000005,-8.849535632542972,0.5,0.5,3680.0921,1.0,111.2054054054054,2023,1,1,4973.9585,171.0,,
2023-02-01,West,Clothing,30150.87,89,2628.116,2956.752,0.124,5,2,3,2,3,263.7730496453901,19019,15748,139.08602836879433,53.60879432624114,8.75886524822695,Cloudy,58,53.55702127659575,Autumn,17010.29,56.417244344856385,6030.174,262.8116,16747.4784,55.54558923175351,0.6,0.4,2903.1949787234043,1.0,88.91226392541238,2023,2,1,3679.3623999999995,160.0,126.40819581528629,-1521.0888758063024
2023-03-01,West,Clothing,35820.75,120,2003.73,2288.348,0.186,5,1,4,1,4,270.76969696969695,21306,18166,135.25430303030302,53.720303030303036,9.454545454545455,Rainy,79,53.988181818181815,Spring,25802.1,72.0311551265677,7164.15,200.373,25601.727,71.47177822909904,0.8,0.2,2234.3598181818184,1.0,67.69242424242424,2023,3,1,2805.2219999999998,156.0,18.80502950661125,52.86914476629507
2023-04-01,West,Clothing,10960.18,51,3925.73,4171.25,0.19666666666666666,3,1,2,1,2,285.9753086419753,22975,17323,146.466975308642,53.52716049382716,9.722222222222221,Cloudy,83,53.98314814814815,Summer,-817.0100000000002,-7.4543483774901524,3653.3933333333334,235.5438,-1052.5538000000001,-9.603435345039955,0.6666666666666666,0.3333333333333333,4117.266851851852,1.0,168.22076978939722,2023,4,2,5496.022,168.0,-69.40270653182861,-104.11126093173324
2023-05-01,West,Clothing,17347.34,46,2513.525,2871.655,0.22500000000000003,2,1,1,1,1,263.63803680981596,21635,17636,137.34122699386504,54.09386503067484,10.214723926380367,Sunny,90,54.22644171779141,Autumn,12320.29,71.02120555658678,8673.67,100.54100000000001,12219.749000000002,70.44162966771852,0.5,0.5,2817.428558282209,1.0,171.93785009335824,2023,5,2,3518.935,158.0,58.2760502108542,-1260.961938477634
2023-06-01,West,Clothing,22597.48,165,2109.6459999999997,2328.3940000000002,0.202,5,4,1,2,3,262.5730994152047,22837,17710,138.156432748538,55.18801169590643,10.380116959064328,Snowy,80,55.02070175438597,Winter,12049.25,53.32121103769093,4519.496,210.9646,11838.2854,52.38763525844475,0.6,0.4,2273.3732982456145,1.0,47.740563530037214,2023,6,2,2953.5043999999994,159.0,30.264812933856145,-3.1216975078620757
2023-07-01,West,Clothing,3023.48,19,3049.33,3209.22,0.26,1,0,1,1,0,264.04487179487177,21888,17534,146.48551282051284,55.53051282051282,9.807692307692308,Snowy,85,55.654871794871795,Autumn,-25.84999999999991,-0.8549750618492568,3023.48,60.9866,-86.83659999999992,-2.8720745630862425,0.0,1.0,3153.565128205128,1.0,416.912955465587,2023,7,3,4269.062,168.0,-86.6202780133006,-100.73352345433402
2023-08-01,West,Clothing,62943.740000000005,337,2829.442727272727,3103.050909090909,0.12636363636363637,11,5,6,7,4,287.2215568862275,24295,18827,151.12461077844313,50.40323353293413,9.760479041916168,Snowy,86,50.030119760479046,Winter,31819.870000000006,50.55287467824442,5722.158181818182,622.4774,31197.392600000006,49.563932171809306,0.36363636363636365,0.6363636363636364,3053.02078933043,1.0,25.568684589278416,2023,8,3,3961.2198181818176,174.0,1981.8308703877651,-36026.54779206007
2023-09-01,West,Clothing,24830.36,164,2031.4879999999998,2335.852,0.162,5,3,2,1,4,288.987012987013,23895,17688,159.82337662337662,59.11902597402597,9.902597402597403,Snowy,72,59.14681818181818,Winter,14672.920000000002,59.0926591479141,4966.072,203.14879999999997,14469.771200000001,58.274512330872376,0.8,0.2,2276.7051818181817,1.0,52.8634779854292,2023,9,3,2844.0831999999996,184.0,-60.55150202387085,-53.61865209209824
2023-10-01,West,Clothing,36032.93,205,2352.5271428571427,2577.477142857143,0.15857142857142856,7,5,2,4,3,284.58156028368796,18910,15204,139.05659574468083,54.96921985815603,9.50354609929078,Snowy,60,55.07163120567376,Spring,19565.24,54.298221099422115,5147.561428571428,329.3538,19235.8862,53.38418552141056,0.42857142857142855,0.5714285714285714,2522.405511651469,1.0,41.64608199273483,2023,10,4,3293.5379999999996,160.0,45.116421993076216,32.938426835664124
2023-11-01,West,Clothing,28682.94,170,2114.446,2412.594,0.172,5,2,3,0,5,283.9527027027027,21581,16039,151.21263513513514,55.739594594594585,10.304054054054054,Sunny,71,55.83412162162163,Spring,18110.71,63.14105178897281,5736.588,211.4446,17899.2654,62.403872824752284,1.0,0.0,2356.7598783783783,1.0,50.10930047694753,2023,11,4,2960.2243999999996,174.0,-20.397980402925885,-6.948579265352484
2023-12-01,West,Clothing,28601.89,229,2464.0775,2704.8737499999997,0.14,8,4,4,5,3,260.9493670886076,18794,16352,124.5717088607595,56.330253164556964,10.221518987341772,Sunny,75,56.316202531645565,Autumn,8889.27,31.079309793863274,3575.23625,394.25239999999997,8495.017600000001,29.700895989740545,0.375,0.625,2648.557547468354,1.0,34.18550660549444,2023,12,4,3449.7084999999997,143.0,-0.28257214915904383,-52.53985339532426
2023-01-01,West,Electronics,14180.9,116,3424.01,3512.0550000000003,0.1225,4,3,1,2,2,290.1923076923077,24686,17659,163.70108974358973,52.90948717948717,9.166666666666666,Rainy,69,53.13839743589744,Autumn,484.85999999999876,3.419105980579503,3545.225,273.92080000000004,210.93919999999872,1.4874881001910931,0.5,0.5,3458.916602564103,1.0,75.04973474801061,2023,1,1,4793.614,188.0,,
2023-02-01,West,Electronics,28503.04,139,2351.691428571429,2657.191428571429,0.12714285714285714,7,5,2,4,3,256.62204724409446,15036,14613,123.19850393700787,55.526062992125986,9.566929133858268,Snowy,66,55.52299212598425,Summer,12041.2,42.24531839410814,4071.862857142857,329.2368,11711.9632,41.0902247619903,0.42857142857142855,0.5714285714285714,2601.6684364454445,1.0,55.38605336203477,2023,2,1,3292.368,142.0,100.99598756073308,5452.293362257974
2023-03-01,West,Electronics,2494.74,47,2936.48,3096.64,0.06,1,1,0,1,0,272.94117647058823,19817,18028,134.72411764705882,58.661307189542484,9.967320261437909,Cloudy,97,58.76732026143791,Spring,-441.74000000000024,-17.706855223390022,2494.74,58.729600000000005,-500.46960000000024,-20.060992327857825,0.0,1.0,3037.872679738562,1.0,174.2177722152691,2023,3,1,4111.072,155.0,-91.24745992006467,-104.27314867246167
2023-04-01,West,Electronics,35827.38,195,2638.842857142857,2919.612857142857,0.12714285714285714,7,3,4,6,1,264.8125,18604,15302,133.58381944444443,56.43951388888889,9.583333333333334,Snowy,60,56.369930555555555,Spring,17355.479999999996,48.441945796762134,5118.197142857142,369.43800000000005,16986.041999999998,47.41078471269738,0.14285714285714285,0.8571428571428571,2863.2429265873016,1.0,40.74038461538461,2023,4,2,3694.3799999999997,154.0,1336.1167897255827,-3494.020735725005
2023-05-01,West,Electronics,20493.78,85,2744.883333333333,3000.263333333333,0.04,3,1,2,3,0,272.34285714285716,23614,20476,139.9570857142857,55.38897142857142,10.6,Cloudy,98,55.45857142857143,Spring,12259.13,59.81878404081628,6831.259999999999,164.69299999999998,12094.437,59.015159721632614,0.0,1.0,2944.8047619047616,1.0,96.12100840336134,2023,5,2,3842.836666666666,161.0,-42.798552392053224,-28.79779173982967
2023-06-01,West,Electronics,38158.7,160,2690.587142857143,2903.2114285714283,0.13857142857142857,7,1,6,3,4,273.19565217391306,16542,15584,125.35065217391303,55.91123188405797,10.543478260869565,Sunny,54,56.20811594202899,Summer,19324.589999999997,50.64268436817816,5451.242857142856,376.6822,18947.907799999997,49.65553805554172,0.5714285714285714,0.42857142857142855,2847.0033126293993,1.0,51.2241847826087,2023,6,2,3766.822,144.0,86.19649474133126,56.66630699717563
2023-07-01,West,Electronics,24928.579999999998,156,2798.352,2956.45,0.23199999999999998,5,2,3,4,1,283.3,19058,15173,141.318,55.54785714285714,10.321428571428571,Rainy,73,55.607214285714285,Summer,10936.82,43.872615287352914,4985.715999999999,279.8352,10656.9848,42.75006759309997,0.2,0.8,2900.8427857142856,1.0,54.48076923076923,2023,7,3,3917.6927999999994,163.0,-34.671306936557066,-43.756403543403344
2023-08-01,West,Electronics,18393.58,59,1593.285,1911.555,0.13,2,1,1,2,0,241.07638888888889,17129,15468,124.28277777777778,54.09722222222222,10.104166666666666,Sunny,76,53.90159722222222,Spring,15207.010000000002,82.67564008746531,9196.79,63.73140000000001,15143.278600000001,82.32915288921461,0.0,1.0,1857.653402777778,1.0,122.58121468926554,2023,8,3,2230.599,143.0,-26.214890699751038,42.097214964593
2023-09-01,West,Electronics,25865.91,141,3419.27,3605.1666666666665,0.19000000000000003,6,4,2,5,1,274.9268292682927,16934,13131,142.7942276422764,54.45739837398374,10.40650406504065,Sunny,68,54.315365853658534,Autumn,5350.290000000001,20.684715905993645,4310.985,410.31239999999997,4939.977600000001,19.09841022411352,0.16666666666666666,0.8333333333333334,3550.851300813008,1.0,58.49507005708355,2023,9,3,4786.978,164.0,40.62466360545363,-67.37841434152838
2023-10-01,West,Electronics,33046.14,195,2607.184285714286,2862.1014285714286,0.09714285714285713,7,5,2,2,5,280.21176470588233,22834,18313,138.93235294117648,53.61611764705882,10.0,Rainy,70,53.114588235294114,Autumn,14795.849999999999,44.773307865911114,4720.877142857143,365.0058,14430.844199999998,43.66877402322933,0.7142857142857143,0.2857142857142857,2808.9868403361347,1.0,43.109502262443435,2023,10,4,3650.058,160.0,27.759433168985748,192.12367683610537
2023-11-01,West,Electronics,13855.59,77,2808.2233333333334,3097.2966666666666,0.17666666666666667,3,1,2,1,2,264.27152317880797,21994,15208,151.27582781456954,57.04304635761589,9.56953642384106,Rainy,72,57.33430463576158,Winter,5430.92,39.19659862914535,4618.53,168.4934,5262.4266,37.980530601728255,0.6666666666666666,0.3333333333333333,3039.962362030905,1.0,102.96293110862648,2023,11,4,3931.5126666666665,174.0,-58.071986622340766,-63.53348059845314
2023-12-01,West,Electronics,39739.91,145,2746.3266666666664,2930.215,0.08666666666666667,6,4,2,2,4,276.24375,21155,17985,136.614375,51.987874999999995,9.0,Sunny,82,51.871,Winter,23261.950000000004,58.5354873727696,6623.318333333334,329.5592,22932.390800000005,57.70619712022499,0.6666666666666666,0.3333333333333333,2878.344,1.0,57.15387931034483,2023,12,4,3844.8573333333325,157.0,186.8149966908663,335.77597452855696
2024-01-01,West,Electronics,8579.72,24,1362.78,1729.81,0.29,1,1,0,1,0,322.0,1138,844,169.9185714285714,70.68714285714286,7.857142857142857,Cloudy,3,70.17857142857143,Spring,7216.94,84.11626486645251,8579.72,27.2556,7189.684399999999,83.79859016378155,0.0,1.0,1659.6314285714286,1.0,402.5,2024,1,1,1907.8919999999998,195.0,-78.41031849342387,-68.64834346011583
2023-01-01,West,Food,26545.63,130,2217.546,2547.2419999999997,0.084,5,2,3,2,3,266.0536912751678,19195,15984,132.58946308724833,52.82248322147651,10.838926174496644,Snowy,81,52.24315436241611,Winter,15457.900000000001,58.23143018267037,5309.126,221.75459999999998,15236.145400000001,57.39605878632378,0.6,0.4,2494.9988456375836,1.0,61.39700567888488,2023,1,1,3104.5643999999998,152.0,,
2023-02-01,West,Food,42383.14,234,1443.76,1714.8225,0.22125,8,7,1,4,4,273.1437125748503,24025,18476,149.02263473053893,52.36868263473054,9.910179640718562,Rainy,74,52.04497005988024,Spring,30833.059999999998,72.74840891920702,5297.8925,231.0016,30602.058399999998,72.20337709759116,0.5,0.5,1662.7775299401198,1.0,35.018424689083375,2023,2,1,2021.264,171.0,59.661458402004385,100.85170885806849
2023-03-01,West,Food,34966.77,181,2823.978333333333,2999.1066666666666,0.22333333333333336,6,2,4,3,3,261.46206896551723,17632,15436,126.67406896551725,57.45337931034483,10.862068965517242,Cloudy,81,57.157448275862066,Winter,18022.899999999998,51.54293633641311,5827.794999999999,338.87739999999997,17684.022599999997,50.57379506314137,0.5,0.5,2941.9492183908046,1.0,43.33625452467137,2023,3,1,3953.569666666666,146.0,-17.49839676814885,-42.212963687436144
2023-04-01,West,Food,25465.92,91,2534.67,2770.855,0.1,4,0,4,3,1,264.1533333333333,18953,16547,131.6058,55.7578,9.966666666666667,Sunny,76,55.8332,Autumn,15327.239999999998,60.18726203490783,6366.48,202.77360000000002,15124.466399999998,59.39100727560598,0.25,0.75,2715.0218,1.0,87.08351648351648,2023,4,2,3548.538,151.0,-27.171082716533434,-14.473834703196998
2023-05-01,West,Food,41941.92,127,2675.568333333333,2951.725,0.13333333333333333,6,3,3,2,4,252.48427672955975,21708,17291,141.43893081761007,54.73723270440251,10.062893081761006,Snowy,75,54.83352201257862,Autumn,25888.51,61.72466591896604,6990.32,321.0682,25567.441799999997,60.959159237345354,0.6666666666666666,0.3333333333333333,2896.8914779874212,1.0,59.64195513296687,2023,5,2,3745.795666666666,163.0,64.69823199004787,69.04690138357543
2023-06-01,West,Food,4022.5299999999997,60,603.3599999999999,965.94,0.12,2,2,0,0,2,295.0409836065574,17382,13090,148.26860655737704,52.65163934426229,10.040983606557377,Rainy,60,52.655,Spring,2815.81,70.00096953907119,2011.2649999999999,24.134399999999996,2791.6756,69.40098892985262,1.0,0.0,913.2850000000001,1.0,147.5204918032787,2023,6,2,844.7039999999998,171.0,-90.40928503034674,-89.08113051811073
2023-07-01,West,Food,11611.14,19,3167.06,3492.8,0.17,2,2,0,1,1,261.5267175572519,18581,14802,146.13923664122137,54.381603053435114,9.427480916030534,Snowy,60,54.32160305343511,Autumn,5277.0199999999995,45.44790606262607,5805.57,126.6824,5150.3376,44.356864183878585,0.5,0.5,3438.478396946565,1.0,412.93692245881886,2023,7,3,4433.884,168.0,188.65266387074803,84.48911470945978
2023-08-01,West,Food,38747.46,218,1720.7311111111112,1938.996666666667,0.14555555555555555,9,2,7,5,4,265.5436241610738,19302,15480,135.3,52.7138255033557,9.194630872483222,Snowy,72,52.87355704697986,Winter,23260.879999999997,60.032012420943204,4305.2733333333335,309.7316,22951.1484,59.23265266936206,0.4444444444444444,0.5555555555555556,1886.123109619687,1.0,36.54270057262484,2023,8,3,2409.0235555555555,156.0,233.70935153654165,345.6241548126864
2023-09-01,West,Food,7315.73,25,1821.91,2027.74,0.02,1,1,0,0,1,273.40157480314963,15285,13833,125.35165354330708,53.15,10.118110236220472,Snowy,70,52.98952755905512,Spring,5493.82,75.09599178755913,7315.73,36.4382,5457.3818,74.59791162331032,1.0,0.0,1974.7504724409448,1.0,328.08188976377954,2023,9,3,2550.674,144.0,-81.11945918519564,-76.2217484507224
2023-10-01,West,Food,17573.989999999998,100,2039.2466666666667,2430.2500000000005,0.14333333333333334,3,2,1,2,1,274.6623376623377,22964,17431,153.8262987012987,51.55662337662338,9.512987012987013,Rainy,64,51.3875974025974,Winter,11456.249999999998,65.18866802587232,5857.996666666666,122.3548,11333.895199999999,64.49244138638977,0.3333333333333333,0.6666666666666666,2378.862402597403,1.0,82.3987012987013,2023,10,4,2854.945333333333,177.0,140.2219600778049,107.68008571436214
2023-11-01,West,Food,50359.74,96,2311.2214285714285,2484.011428571429,0.14285714285714285,7,3,4,2,5,264.18518518518516,17613,15497,136.186,53.537111111111116,10.407407407407407,Rainy,74,53.410666666666664,Autumn,34181.19,67.87403985802946,7194.248571428571,323.57099999999997,33857.619,67.23152065519004,0.7142857142857143,0.2857142857142857,2430.6007619047623,1.0,82.55787037037035,2023,11,4,3235.7099999999996,157.0,186.5583740516525,198.72888713493663
2023-12-01,West,Food,14801.54,108,2063.9875,2287.66,0.0475,4,4,0,1,3,248.9298245614035,21239,18712,129.46684210526317,51.57087719298246,10.146198830409357,Snowy,82,51.812514619883046,Autumn,6545.59,44.22235794383557,3700.385,165.11900000000003,6380.4710000000005,43.106805102712286,0.75,0.25,2235.8474853801167,1.0,69.14717348927876,2023,12,4,2889.5825,149.0,-70.60838677880386,-81.15499202705305
2023-01-01,West,Furniture,30295.7,121,2464.492,2703.852,0.22199999999999998,5,4,1,2,3,258.0268456375839,19833,15703,137.98697986577181,54.54006711409396,10.939597315436242,Snowy,73,54.55261744966443,Winter,17973.239999999998,59.32604296979439,6059.14,246.44920000000002,17726.7908,58.51256382919028,0.6,0.4,2649.2993825503354,1.0,63.973598091962955,2023,1,1,3450.2888000000003,159.0,,
2023-02-01,West,Furniture,31177.73,203,2279.71,2570.4649999999997,0.15000000000000002,8,3,5,4,4,273.97972972972974,19742,16904,138.77560810810812,55.82824324324324,9.966216216216216,Rainy,76,56.24081081081081,Summer,12940.05,41.50414414391298,3897.21625,364.7536,12575.2964,40.33422702679124,0.5,0.5,2514.224189189189,1.0,40.489615230994545,2023,2,1,3191.594,160.0,2.9114032684506297,-29.060502028376167
2023-03-01,West,Furniture,19662.74,143,3483.9375,3674.48,0.185,4,1,3,3,1,283.28823529411767,22657,19144,137.9559411764706,57.897470588235294,10.205882352941176,Sunny,92,57.85464705882354,Autumn,5726.990000000002,29.126103483034417,4915.685,278.71500000000003,5448.2750000000015,27.708625552695104,0.25,0.75,3616.6253529411765,1.0,59.43109831345126,2023,3,1,4877.5125,159.0,-36.933381615659634,-56.67477865571422
2023-04-01,West,Furniture,23193.13,132,3074.712,3429.3559999999998,0.18,5,1,4,3,2,275.27096774193546,21058,16726,140.51116129032258,54.12070967741936,9.774193548387096,Snowy,84,54.80612903225807,Summer,7819.5700000000015,33.7150268204421,4638.626,307.4712,7512.098800000002,32.389327356850934,0.4,0.6,3374.5498709677418,1.0,62.561583577712604,2023,4,2,4304.596799999999,162.0,17.954720450964622,37.880316246885485
2023-05-01,West,Furniture,29243.69,171,2570.475,2819.7083333333335,0.19833333333333333,6,1,5,3,3,270.7307692307692,19280,17616,128.2145512820513,53.47730769230769,9.807692307692308,Snowy,79,53.64314102564102,Winter,13820.84,47.26093047765176,4873.948333333333,308.457,13512.383,46.20614908720479,0.5,0.5,2766.0651923076925,1.0,47.49662618083671,2023,5,2,3598.6649999999995,147.0,26.087725115152626,79.874937214617
2023-06-01,West,Furniture,20946.67,135,2761.7239999999997,3051.1520000000005,0.13,5,1,4,2,3,263.2142857142857,19430,14887,143.85207142857143,55.50385714285714,9.464285714285714,Snowy,71,55.693714285714286,Spring,7138.049999999999,34.07725428433254,4189.334,276.1724,6861.877599999999,32.75879937001919,0.6,0.4,2995.4582857142864,1.0,58.492063492063494,2023,6,2,3866.4135999999994,165.0,-28.372000934218633,-49.21785742751668
2023-07-01,West,Furniture,34712.71,175,3016.4216666666666,3305.0866666666666,0.11333333333333334,6,2,4,3,3,273.9012345679012,22039,17542,141.39753086419753,55.18913580246913,9.660493827160494,Sunny,74,55.699938271604935,Summer,16614.18,47.861950277002286,5785.451666666667,361.9706,16252.2094,46.81918928254233,0.5,0.5,3249.3867283950617,1.0,46.954497354497356,2023,7,3,4222.990333333333,163.0,65.71946758124324,136.8478475920352
2023-08-01,West,Furniture,6153.74,83,3105.335,3421.3500000000004,0.0875,4,2,2,2,2,262.7124183006536,20411,16042,137.88960784313727,51.758758169934644,10.098039215686274,Snowy,78,52.02045751633987,Winter,-6267.6,-101.85025691693184,1538.435,248.42680000000001,-6516.026800000001,-105.88726205527045,0.5,0.5,3369.3295424836606,1.0,94.95629577132058,2023,8,3,4347.469,159.0,-82.27237228093111,-140.09317527006513
2023-09-01,West,Furniture,19390.61,145,2496.05,2703.56,0.195,4,2,2,3,1,267.96666666666664,19833,16674,136.76573333333334,50.833933333333334,9.566666666666666,Cloudy,76,50.495333333333335,Spring,9406.41,48.51012938736842,4847.6525,199.68400000000003,9206.726,47.48033197511579,0.25,0.75,2653.0646666666667,1.0,55.44137931034483,2023,9,3,3494.4700000000003,157.0,215.10284802412843,-241.29355637395474
2023-10-01,West,Furniture,32539.239999999998,213,2322.895,2576.87125,0.1625,8,4,4,5,3,267.36,20755,17128,143.56666666666666,57.27406666666667,10.7,Cloudy,78,57.48393333333333,Spring,13956.079999999998,42.88999988936435,4067.4049999999997,371.6632,13584.416799999997,41.74779988715163,0.375,0.625,2519.3873166666667,1.0,37.65633802816902,2023,10,4,3252.053,165.0,67.80926438105865,47.54883332033555
2023-11-01,West,Furniture,28843.980000000003,177,2196.1316666666667,2445.86,0.09166666666666667,6,3,3,2,4,288.7450980392157,22459,16894,152.95176470588234,54.457581699346406,9.738562091503267,Cloudy,76,54.619281045751634,Spring,15667.190000000002,54.31701866385984,4807.330000000001,263.5358,15403.654200000003,53.403359037137044,0.6666666666666666,0.3333333333333333,2391.2407189542487,1.0,48.93984712529079,2023,11,4,3074.5843333333332,176.0,-11.35631932399157,13.392090560707803
2023-12-01,West,Furniture,25336.51,191,2118.4683333333332,2488.3566666666666,0.15333333333333335,6,1,5,5,1,265.39864864864865,18803,16344,131.04006756756758,57.94371621621622,10.878378378378379,Sunny,71,57.75945945945946,Autumn,12625.699999999999,49.83204079804203,4222.751666666666,254.2162,12371.483799999998,48.828681614002875,0.16666666666666666,0.8333333333333334,2430.5972072072072,1.0,41.6856516202066,2023,12,4,2965.8556666666664,151.0,-12.160145721914951,-19.684747272501124
