Month,Region,Category,Total_Sales_Amount,Total_Qty_Sold,Avg_Unit_Cost,Avg_Unit_Price,Gross_Profit,Transport_Cost_Est,Net_Profit,Net_Profit_Margin,Profit_Margin_Pct,Spot_Sales_Ratio,Online_Sales_Ratio,Inventory_Level,Inventory_Coverage,Demand_Forecast,Recommended_Price,Recommended_Order_Qty,Predicted_Sales,Predicted_Margin_Pct,Predicted_Sell_Qty,Predicted_Net_Profit,Predicted_Profit_Class,Sales_Growth_MoM,Profit_Growth_MoM,Fulfillment_Rate
2023-01-01,East,Clothing,43007.44,239,2339.629,2586.527,19611.15,467.9258,19143.2242,44.51142453491768,45.599435818546745,0.5,0.5,279.0633802816901,35.028876185986206,129.9194366197183,3275.4806,149.0,44624.180100000085,44.91684934183187,229,9328.274925544758,Low Profit,,,1.0
2023-02-01,East,Clothing,17183.69,72,2208.366666666667,2409.89,10558.589999999998,132.502,10426.087999999998,60.67432547956811,61.445417136831495,1.0,0.0,254.33774834437085,105.97406181015452,131.6141059602649,3091.713333333333,151.0,15834.117867604591,60.617571995148545,72,6418.209798191892,High Profit,-60.044843403838975,-45.53640551313192,1.0
2023-03-01,East,Clothing,41251.79,160,2517.63,2833.118,16075.489999999998,503.52600000000007,15571.963999999998,37.74857769808291,38.96919382164992,0.6,0.4,272.5779220779221,51.1083603896104,121.85032467532469,3524.682,140.0,43116.915800000024,38.612726712520676,197,6729.154664721653,Low Profit,140.06363010505893,49.35576987265022,1.0
2023-04-01,East,Clothing,20842.72,99,2613.98,2974.094,7772.8200000000015,261.398,7511.422000000001,36.0385880537665,37.29273338604559,0.4,0.6,277.66137566137564,84.13981080647747,149.2363492063492,3659.572,172.0,24313.732816666703,36.674257475448236,107,3322.9637750768998,Low Profit,-49.4743864448064,-51.76316873067519,1.0
2023-05-01,East,Clothing,43500.66,184,2007.7971428571425,2190.585714285714,29446.080000000005,281.0916,29164.98840000001,67.0449331113597,67.6911108934899,0.4285714285714285,0.5714285714285714,249.95454545454547,40.75345849802371,145.01577922077922,2810.9159999999997,167.0,38974.814075555616,66.63214367934627,169,19183.399770725147,High Profit,108.70913201348,288.2751947633884,1.0
2023-06-01,East,Clothing,19231.92,207,2006.90875,2271.74375,3176.649999999998,321.10540000000003,2855.544599999998,14.847943419065793,16.517591587319405,0.5,0.5,292.255033557047,42.35580196478942,163.79644295302012,2809.67225,188.0,26279.890777777742,15.406851372040725,220,-4781.494787133145,Low Profit,-55.78936043728993,-90.20899799157816,1.0
2023-07-01,East,Clothing,29878.79,145,3763.960000000001,4018.036666666667,7295.029999999999,451.6752000000001,6843.354799999999,22.9037213354356,24.415413073956472,1.0,0.0,279.7443181818182,57.87813479623825,159.01636363636365,5269.544000000001,183.0,32215.200427461452,22.672682183856775,148,-3837.2715921892013,Low Profit,55.36041123299184,139.6514766395175,1.0
2023-08-01,East,Clothing,28871.620000000003,157,1939.5716666666667,2168.4066666666668,17234.190000000002,232.7486,17001.441400000003,58.88634375209983,59.69249387460766,0.3333333333333333,0.6666666666666666,260.6807228915663,49.811603100299294,130.58108433734938,2715.400333333333,150.0,29945.547220708213,58.75761048034473,156,11543.824392151433,High Profit,-3.3708527018664336,148.43723432255777,1.0
2023-09-01,East,Clothing,16562.84,124,3365.7075,3575.4925000000003,3100.01,269.2566,2830.7534,17.090990434007693,18.71665728824284,0.75,0.25,265.45454545454544,64.22287390029325,125.82517482517484,4711.9905,145.0,18367.808666984118,16.699830970995457,113,-4539.105949537799,Low Profit,-42.632799960653415,-83.34992114256853,1.0
2023-10-01,East,Clothing,10919.57,74,2362.675,2432.24,6194.219999999999,94.507,6099.713,55.86037728591877,56.72586008423408,1.0,0.0,276.7619047619048,112.2007722007722,139.59238095238095,3307.745,161.0,9496.224976587293,38.17143637456274,51,1214.9169749233538,High Profit,-34.07187414718732,115.48019689740548,1.0
2023-11-01,East,Clothing,53158.57,196,1995.6922222222224,2187.7277777777776,35197.34,359.2246,34838.115399999995,65.53621626766859,66.21197673300843,0.5555555555555556,0.4444444444444444,278.8787878787879,42.68552875695733,143.31484848484848,2793.969111111111,165.0,48958.293200000044,65.20101171940382,209,23579.308998063225,High Profit,386.81926119801415,471.14351773599833,1.0
2023-12-01,East,Clothing,32260.79,140,2808.188333333333,3166.78,15411.66,336.98260000000005,15074.6774,46.72755192913751,47.77210973444853,0.6666666666666666,0.3333333333333333,247.4028776978417,53.014902363823225,127.96863309352516,3931.4636666666665,147.0,34829.16446333336,46.6447466640827,145,8102.229362471902,Low Profit,-39.31215606439376,-56.72935453908048,1.0
2023-01-01,East,Electronics,21903.95,116,3838.2175,4109.375,6551.080000000002,307.0574,6244.022600000002,28.506377160283886,29.9082129022391,0.25,0.75,282.23571428571427,72.99199507389162,137.01771428571428,5373.504499999999,158.0,21456.90177111115,29.25493336044311,113,-2397.169235645695,Low Profit,,,1.0
2023-02-01,East,Electronics,34604.85,223,2524.06,2724.3775,14412.37,403.8496,14008.5204,40.481378766271206,41.64841055516784,0.25,0.75,272.10322580645163,36.60581513091277,136.64270967741936,3533.684,157.0,35063.167752714864,40.50777594144828,243,1936.3778312438844,Low Profit,57.98451877401107,124.35089200349778,1.0
2023-03-01,East,Electronics,48909.380000000005,324,2895.620833333333,3114.0783333333334,14161.930000000008,694.949,13466.981000000009,27.534556766002773,28.95544780980664,0.4166666666666667,0.5833333333333334,250.5862068965517,23.20242656449553,135.67793103448275,4053.869166666666,156.0,47637.5627555555,27.323045219370748,292,-3894.392853560121,Low Profit,41.33677793719668,-3.865785854157677,1.0
2023-04-01,East,Electronics,16025.28,83,2175.5,2372.8675,7323.279999999999,174.04,7149.239999999999,44.61226262505241,45.69829669122786,0.25,0.75,279.4357142857143,101.00086058519794,129.3725,3045.7,149.0,25608.596684444434,53.028351925163605,87,9794.446772922973,High Profit,-67.23475128901654,-46.91282329721862,1.0
2023-05-01,East,Electronics,8941.869999999999,83,3521.736666666666,3827.0866666666666,-1623.34,211.3042,-1834.6442,-20.51745552104873,-18.154368157890914,0.6666666666666666,0.3333333333333333,272.9645390070922,98.6618815688285,139.47801418439718,4930.431333333332,160.0,14482.559671666666,37.03800824416728,61,1067.532911825012,Low Profit,-44.20147417081012,-125.6620871589148,1.0
2023-06-01,East,Electronics,22137.0,35,2488.8,2730.915,12181.8,199.104,11982.696,54.12971947418349,55.02913673939558,0.5,0.5,271.2682926829268,232.51567944250868,133.53,3484.32,154.0,22115.798146644098,53.29039420803102,60,8799.03601459906,High Profit,147.56566579473872,-753.1345968880505,1.0
2023-07-01,East,Electronics,33950.86,113,1557.852,1832.854,26161.6,155.7852,26005.8148,76.59839780199972,77.05725274705854,0.4,0.6,274.34615384615387,72.8352620830497,148.8626282051282,2180.9928,171.0,23973.281096031722,65.52638589334782,132,11596.09540228275,High Profit,53.36703256990558,117.028077821552,1.0
2023-08-01,East,Electronics,16683.02,52,2003.83,2248.175,8667.7,160.3064,8507.393600000001,50.99432596736083,51.95522153662826,0.25,0.75,264.89385474860336,152.82337773957886,138.37111731843575,2805.362,159.0,20922.4759469697,56.280864435088,92,8088.303124177909,High Profit,-50.86127420630877,-67.28657161705235,1.0
2023-09-01,East,Electronics,8564.24,26,2007.32,2202.87,6556.92,40.1464,6516.7736,76.0928418633761,76.56160966997656,0.0,1.0,260.75816993464053,300.87481146304674,142.0450980392157,2810.248,163.0,8109.801013333327,76.09823749811406,33,4846.584435750856,High Profit,-48.66492997071275,-23.39870580338496,1.0
2023-10-01,East,Electronics,49910.53,258,2839.08,3118.888,21519.73,567.816,20951.914,41.97894512440561,43.116612867064326,0.6,0.4,286.5359477124183,33.318133454932365,148.34379084967318,3974.712,171.0,49700.67286666672,42.215372555540384,244,7126.613813273725,Low Profit,482.77827337860685,221.5074711203716,1.0
2023-11-01,East,Electronics,16445.48,171,2097.934,2442.05,5955.809999999998,209.79340000000005,5746.016599999997,34.939792575224295,36.21548291688657,0.6,0.4,283.8269230769231,49.79419703103914,133.8421794871795,2937.1076000000003,154.0,19489.6784480808,36.410583425784864,160,382.91683075567016,Low Profit,-67.05007941210002,-72.57521866498689,1.0
2023-12-01,East,Electronics,25024.96,139,2208.112,2457.9880000000003,13984.399999999998,220.81120000000004,13763.588799999998,54.99944375535465,55.88180760328887,0.6,0.4,256.9055555555556,55.44724220623501,143.6301111111111,3091.3568,165.0,24934.405409656058,55.07548811818173,140,7550.031888734383,High Profit,52.16922826211214,139.5327016632706,1.0
2023-01-01,East,Food,27620.5,211,2773.0522222222226,3024.7244444444445,2663.029999999999,499.1494,2163.8805999999986,7.834328125848549,9.641498162596616,0.6666666666666666,0.3333333333333333,291.91620111731845,41.50467314464243,162.3950279329609,3882.273111111111,187.0,47427.70453333337,35.477465675506316,234,3848.2631964938955,Low Profit,,,1.0
2023-02-01,East,Food,15932.92,90,3409.44,3644.99,5704.6,204.5664,5500.033600000001,34.5199348267612,35.80385767329529,0.6666666666666666,0.3333333333333333,285.1832061068702,95.06106870229009,158.43396946564886,4773.215999999999,182.0,14528.650866984104,34.414050749553155,78,-318.8291174106962,Low Profit,-42.31487482123784,154.17454179311022,1.0
2023-03-01,East,Food,6762.2300000000005,47,3176.7700000000004,3580.155,408.6899999999996,127.07080000000002,281.6191999999996,4.1645906749696415,6.043716348009452,1.0,0.0,300.36,191.71914893617023,163.45473333333334,4447.478,188.0,8280.194733333325,4.495346588056771,53,-2995.1527485706447,Low Profit,-57.558124938805946,-94.8796821895779,1.0
2023-04-01,East,Food,38537.46,64,2956.936,3184.236,23752.78,295.6936,23457.0864,60.86827310362437,61.6355618662984,0.6,0.4,275.2,129.0,137.70705882352942,4139.7104,158.0,33592.04090585857,59.35581706627402,89,14675.484268909353,High Profit,469.89277205892137,8229.363338863272,1.0
2023-05-01,East,Food,13014.85,67,2766.72,3059.81,7481.410000000001,110.6688,7370.7412,56.63331655762456,57.48364368394565,0.0,1.0,268.8511904761905,120.38113006396588,134.8260119047619,3873.408,155.0,11975.312121428586,56.32506650830559,58,3535.707316971832,High Profit,-66.22805446959919,-68.57776334916001,1.0
2023-06-01,East,Food,26315.73,125,2578.5199999999995,2785.886,13423.13,257.852,13165.278,50.02816946366298,51.00800927810097,0.4,0.6,272.5443037974684,65.4106329113924,147.80050632911392,3609.927999999999,170.0,25486.19552448291,50.60698063328964,128,6296.782833237397,High Profit,102.1977202964306,78.61538809692573,1.0
2023-07-01,East,Food,28082.63,156,2400.136,2611.77,16081.949999999995,240.0136,15841.936399999997,56.41186883137369,57.26653806997422,0.2,0.8,302.04487179487177,58.08555226824457,162.59576923076924,3360.1904,187.0,23899.561255303015,47.14040059747994,144,4353.957236789946,High Profit,6.71423517417149,20.33119543696682,1.0
2023-08-01,East,Food,31852.2,163,2670.032857142857,2963.7771428571427,13161.97,373.8046,12788.165400000002,40.14845254016991,41.32201229428423,0.5714285714285714,0.4285714285714285,289.8695652173913,53.35022672712724,143.88876811594204,3738.046,165.0,30771.27310724262,41.35821106751548,165,3915.3396512836025,Low Profit,13.423137362846727,-19.27650081968513,1.0
2023-09-01,East,Food,42323.86,136,2569.71,2897.605,26905.6,308.3652,26597.2348,62.84217649335386,63.57076126799398,0.6666666666666666,0.3333333333333333,281.3290322580645,62.057874762808346,157.2412258064516,3597.594,181.0,37865.23278658734,61.93513561366774,148,15845.541676803845,High Profit,32.87578252051664,107.98319358615736,1.0
2023-10-01,East,Food,14282.82,114,3376.492,3596.744,-2599.6399999999994,337.6492,-2937.2891999999997,-20.56519090767789,-18.201167556546952,0.2,0.8,264.7678571428572,69.67575187969926,130.35160714285715,4727.0888,150.0,16748.338120634904,-20.038330840759134,119,-11392.138362941803,Low Profit,-66.25350334303157,-111.04358863651495,1.0
2023-11-01,East,Food,59249.28,171,1350.994,1568.575,45739.34,270.19880000000006,45469.1412,76.74209914449594,77.19813641617247,0.5,0.5,286.8045112781955,50.316580925999205,149.2115037593985,1891.3916,172.0,53246.626933333384,76.24109727488327,193,35380.9757958369,High Profit,314.8290043562825,-1647.9967447536324,1.0
2023-12-01,East,Food,13512.82,77,1537.263333333333,1839.003333333333,8901.029999999999,92.2358,8808.794199999998,65.18842254984524,65.87100249984829,0.6666666666666666,0.3333333333333333,289.27941176470586,112.70626432391136,132.57514705882355,2152.1686666666665,152.0,14385.407395555554,64.65206916077462,84,6717.861138433764,High Profit,-77.19327559761065,-80.6268735948767,1.0
2024-01-01,East,Food,8377.57,42,63.41,314.93,8314.16,1.2682,8312.8918,99.22795989767916,99.24309793890114,1.0,0.0,176.75,126.25,95.5125,88.77399999999999,110.0,8220.656961666658,99.27432318618766,44,8105.200760152794,High Profit,-38.0028003037116,-5.629628627264316,1.0
2023-01-01,East,Furniture,35303.07,175,3049.8700000000003,3262.28,17003.85,365.9844000000001,16637.865599999997,47.12866501411917,48.165357856979576,0.1666666666666666,0.8333333333333334,272.04794520547944,46.63679060665362,150.38212328767125,4269.818,173.0,33877.72967312371,46.611465387995615,168,5543.343040826776,Low Profit,,,1.0
2023-02-01,East,Furniture,27482.27,246,2914.627142857142,3158.3514285714286,7079.880000000001,408.0478,6671.832200000001,24.27685995370834,25.76162740559641,0.5714285714285714,0.4285714285714285,268.0230769230769,32.68574108818012,145.87061538461538,4080.478,168.0,29530.23747086285,24.828472293511098,214,-5142.697342767355,Low Profit,-22.1533141452004,-59.89971093407558,1.0
2023-03-01,East,Furniture,41119.97,151,2273.3566666666666,2637.1583333333333,27479.83,272.8028,27207.0272,66.16499768847108,66.82842910634419,0.5,0.5,275.7515923566879,54.78508457417641,143.44382165605094,3182.699333333333,165.0,38650.64320537037,65.30630587413913,151,18375.77014068801,High Profit,49.62363007131507,307.7894405078113,1.0
2023-04-01,East,Furniture,10936.49,121,984.8433333333334,1261.87,7981.959999999999,59.0906,7922.869399999999,72.44435280423608,72.98465961199616,0.6666666666666666,0.3333333333333333,285.8854961832061,70.88070153302631,152.30381679389313,1378.7806666666663,175.0,12431.170725079357,72.48396721098257,108,6883.344112307785,High Profit,-73.40345822236738,-70.87932708796644,1.0
2023-05-01,East,Furniture,22038.02,114,1834.825,2003.88,14698.72,146.786,14551.934,66.0310409011336,66.69709892267998,0.5,0.5,258.13286713286715,67.9297018770703,125.6937062937063,2568.755,145.0,22185.412916605623,66.10460565185672,102,10922.536720758231,High Profit,101.5090764952924,83.66999713512888,1.0
2023-06-01,East,Furniture,27812.46,222,3133.65625,3339.20875,2743.209999999999,501.385,2241.824999999999,8.060505974660275,9.86324115162772,0.5,0.5,268.458904109589,36.2782302850796,143.83547945205478,4387.11875,165.0,30667.518613372544,8.371897150796034,229,-11784.692507987222,Low Profit,26.20217242746852,-84.59431577960703,1.0
2023-07-01,East,Furniture,14426.28,24,2912.6966666666667,3217.7333333333336,5688.1900000000005,174.7618,5513.4282,38.21794807809082,39.42936086087335,1.0,0.0,276.18120805369125,345.226510067114,147.27456375838926,4077.775333333333,169.0,14082.254860000008,38.1683707318639,44,2811.7941757040585,Low Profit,-48.13015461415496,145.93481649994996,1.0
2023-08-01,East,Furniture,23757.81,105,2481.2300000000005,2789.8525,13832.889999999996,198.49840000000003,13634.391599999995,57.3890926815224,58.22460066815922,1.0,0.0,270.622754491018,77.32078699743371,148.59239520958084,3473.7220000000007,171.0,22819.9662473016,57.568318673826454,102,8075.361690506221,High Profit,64.68424292333157,147.2942623973954,1.0
2023-09-01,East,Furniture,14040.759999999998,73,648.175,884.05,12744.409999999998,25.927,12718.482999999998,90.5825824243132,90.76723767089533,1.0,0.0,275.9704142011834,113.41249898678772,131.80047337278106,907.4449999999998,152.0,10249.664496666659,69.7650497813562,63,6333.983038521486,High Profit,-40.90044494841906,-6.717634544103879,1.0
2023-10-01,East,Furniture,12352.33,56,2805.976666666667,3096.633333333333,3934.4,168.3586,3766.0414,30.488510264865003,31.85148065182844,0.6666666666666666,0.3333333333333333,279.1927710843373,149.56755593803786,160.18144578313252,3928.3673333333336,184.0,13527.644216984136,30.81438338996769,66,464.5709526522842,Low Profit,-12.025203763898809,-70.38922487847017,1.0
2023-11-01,East,Furniture,22974.83,77,2474.438571428572,2712.918571428572,5653.760000000002,346.4214,5307.338600000002,23.10066538033144,24.608495470913176,0.7142857142857143,0.2857142857142857,263.96875,102.84496753246752,140.393,3464.2139999999995,161.0,29299.764715757607,24.68279394145605,114,1590.2806072647527,Low Profit,85.99592141725489,40.92618843754619,1.0
2023-12-01,East,Furniture,21911.95,109,1840.128333333333,2082.3283333333334,10871.179999999997,220.8154,10650.364599999995,48.60527976743283,49.61301937983611,0.6666666666666666,0.3333333333333333,291.40909090909093,80.20433694745623,147.8646103896104,2576.1796666666664,170.0,25100.87226222226,48.59881169160743,130,7414.391977001653,Low Profit,-4.626280150930406,100.6724161145474,1.0
2023-01-01,North,Clothing,51066.15,255,3314.14625,3632.97625,24552.980000000003,530.2633999999999,24022.716600000003,47.04234918825876,48.080734498292905,0.25,0.75,272.4179104477612,32.04916593503073,145.5060447761194,4639.804749999999,167.0,45300.52937299154,46.29319524209866,250,4400.331258343227,Low Profit,,,1.0
2023-02-01,North,Clothing,20077.6,125,3097.8,3124.3625,7686.399999999998,247.824,7438.575999999998,37.049129378013305,38.28346017452285,0.25,0.75,282.0740740740741,67.69777777777777,146.40614814814816,4336.92,168.0,21331.04626222225,37.70269882511671,118,731.572128491971,Low Profit,-60.68315312589652,-69.03524225066204,1.0
2023-03-01,North,Clothing,19710.7,104,1481.45,1673.836,12303.45,148.145,12155.305,61.66856073097353,62.420157579385815,0.4,0.6,279.22222222222223,80.5448717948718,140.74216049382716,2074.03,162.0,21878.529503535385,61.304207663559424,116,9975.49516058045,High Profit,-1.8274096505558333,63.40903151355855,1.0
2023-04-01,North,Clothing,37822.630000000005,202,1727.9414285714286,2043.564285714286,25727.040000000005,241.9118,25485.128200000003,67.3806348210053,68.02023021667188,0.7142857142857143,0.2857142857142857,269.40845070422534,40.011156045181984,139.94464788732395,2419.118,161.0,36255.06183396822,66.36048614067136,187,17596.534340765167,High Profit,91.88882180744471,109.66259752429086,1.0
2023-05-01,North,Clothing,11791.27,55,2394.71,2558.366666666667,4607.139999999999,143.6826,4463.457399999998,37.85391565115546,39.07246632466222,0.6666666666666666,0.3333333333333333,275.5531914893617,150.30174081237914,138.37120567375888,3352.594,159.0,13124.70169142858,39.70310102115918,62,2241.473171273676,Low Profit,-68.82482788743143,-82.4860312062311,1.0
2023-06-01,North,Clothing,41264.77,253,2007.3833333333332,2242.3022222222226,23198.320000000003,361.329,22836.991,55.34258642420641,56.21822198451609,0.5555555555555556,0.4444444444444444,265.79605263157896,31.517318493863115,131.75019736842106,2810.3366666666666,152.0,43335.82943333323,55.148540616034666,253,13741.717829670617,High Profit,249.9603520231494,411.6435299684951,1.0
2023-07-01,North,Clothing,40237.89,116,2064.2542857142857,2260.2657142857142,25788.11,288.9956,25499.1144,63.37090339478537,64.08912097527977,0.4285714285714285,0.5714285714285714,281.6953125,72.85223599137932,146.502265625,2889.956,168.0,30527.65128492064,40.34446072403227,167,5421.606968328625,High Profit,-2.48851502140931,11.65706725548914,1.0
2023-08-01,North,Clothing,42524.61,267,2543.467777777778,2708.237777777778,19633.4,457.8242,19175.5758,45.09289044626159,46.16950043751136,0.5555555555555556,0.4444444444444444,269.20666666666665,30.247940074906364,137.05446666666666,3560.854888888889,158.0,44683.3850444445,45.27399639440035,256,7207.399111695606,Low Profit,5.683001767736839,-24.79905184471818,1.0
2023-09-01,North,Clothing,34552.5,147,2487.1633333333334,2749.468333333333,19629.52,298.4596,19331.0604,55.9469225092251,56.810708342377545,0.8333333333333334,0.1666666666666666,258.8875,52.83418367346938,128.0798125,3482.0286666666666,147.0,33511.13368259259,55.31780067933611,149,11125.8754025891,High Profit,-18.74705023749777,0.810847098526235,1.0
2023-10-01,North,Clothing,37095.04,175,2219.337142857143,2403.53,21559.68,310.70720000000006,21248.9728,57.282517554907606,58.12011524990942,0.4285714285714285,0.5714285714285714,277.10769230769233,47.50417582417583,136.3290769230769,3107.072,157.0,35096.29847166669,56.35038061407143,170,12231.151484520431,High Profit,7.358483467187615,9.92140296659565,1.0
2023-11-01,North,Clothing,15079.78,134,1904.8,2156.682,5555.780000000001,190.48,5365.300000000001,35.579431530168215,36.842579931537465,0.8,0.2,270.6903225806452,60.60231102551757,126.27993548387096,2666.72,145.0,19722.310376587273,36.88193244869193,132,2245.297190414276,Low Profit,-59.34825788029882,-74.75030887140106,1.0
2023-12-01,North,Clothing,21754.28,106,2058.5033333333336,2364.0666666666666,9403.259999999998,247.0204,9156.2396,42.08937091919383,43.22487345019002,0.3333333333333333,0.6666666666666666,290.1304347826087,82.1123872026251,157.17840579710145,2881.904666666667,181.0,24998.651952692257,42.305690067418595,129,5264.9136161386705,Low Profit,44.261255800814055,70.65661938754585,1.0
2023-01-01,North,Electronics,32405.1,202,1626.8014285714287,1891.55,21017.49,227.7522,20789.7378,64.15575881574198,64.85858707425682,0.5714285714285714,0.4285714285714285,257.6024844720497,38.257794723571735,131.87801242236026,2277.522,152.0,32364.18021710436,64.57079946367662,182,14976.252706049358,High Profit,,,1.0
2023-02-01,North,Electronics,24094.71,118,3504.016666666667,3713.793333333333,13582.659999999998,210.241,13372.418999999998,55.49939800063997,56.37195882415684,0.0,1.0,280.0546875,71.20034427966102,133.686796875,4905.623333333333,154.0,21111.961866666647,54.946885563144825,110,3891.5288603454283,High Profit,-25.645315089291497,-35.6777890676428,1.0
2023-03-01,North,Electronics,22272.35,46,4315.496666666667,4570.363333333334,9325.859999999995,258.92980000000006,9066.930199999995,40.70935577072019,41.87191742227469,0.0,1.0,270.34814814814814,176.31400966183574,151.13925925925926,6041.695333333333,174.0,20268.398800000028,40.7922312781809,63,2830.4063148800524,Low Profit,-7.563319915450329,-32.19678354380012,1.0
2023-04-01,North,Electronics,35514.28,106,2380.844,2601.164,23610.06,238.0844,23371.9756,65.81007865005287,66.48046926475773,0.8,0.2,267.65359477124184,75.75101738808732,130.28254901960784,3333.1816,150.0,31909.67640277775,65.06157201184375,119,15094.52837153956,High Profit,59.45457035292638,157.77165021078474,1.0
2023-05-01,North,Electronics,16364.15,93,2621.9266666666667,2824.71,8498.369999999999,157.31560000000002,8341.054399999999,50.97151028314945,51.93285321877397,0.6666666666666666,0.3333333333333333,284.76,91.85806451612903,172.11544,3670.697333333333,198.0,14965.245742222201,50.37300598561403,95,2556.7834668247715,High Profit,-53.922337718799305,-64.3117272465405,1.0
2023-06-01,North,Electronics,27562.05,131,2649.1114285714284,2976.0614285714287,9018.27,370.8756,8647.394400000001,31.374278763734925,32.71988114091659,0.8571428571428571,0.1428571428571428,290.8636363636364,66.60999306037475,153.55935064935065,3708.756,177.0,29461.590484572655,46.00448147538251,148,5712.282108256856,Low Profit,68.42946318629444,3.672677161774685,1.0
2023-07-01,North,Electronics,34821.8,187,2089.2042857142856,2342.1985714285715,20197.370000000003,292.4886,19904.8814,57.16212659885475,58.00208490083798,0.1428571428571428,0.8571428571428571,279.6054421768707,44.85648804976535,150.13122448979593,2924.8859999999995,173.0,29744.02397777779,47.47193376277326,157,7559.961903971212,High Profit,26.339659060193288,130.18357298471318,1.0
2023-08-01,North,Electronics,34978.45,116,3433.035,3542.7900000000004,14380.239999999998,411.9642,13968.275799999998,39.933947330427735,41.11171306904679,0.5,0.5,275.1265060240964,71.15340673036975,150.80668674698796,4806.249,173.0,35351.24592407407,2.0502885948763243,171,-11016.177136672028,Low Profit,0.4498618681400668,-29.824873008286325,1.0
2023-09-01,North,Electronics,39526.51,174,1859.57375,2173.02125,24649.92,297.53180000000003,24352.3882,61.61026662864999,62.363006498676455,0.5,0.5,275.46,47.49310344827586,127.222,2603.40325,146.0,33941.10906774523,53.82533171108228,225,9900.832667134098,High Profit,13.00246294504188,74.34068849070124,1.0
2023-10-01,North,Electronics,17053.11,116,2166.91,2420.9733333333334,10552.38,130.0146,10422.3654,61.11709477039672,61.87950467685953,0.6666666666666666,0.3333333333333333,282.9943820224719,73.188202247191,150.59219101123597,3033.6739999999995,173.0,17022.272054800393,60.300521180040676,107,5627.331365729057,High Profit,-56.85652489936501,-57.2018755844242,1.0
2023-11-01,North,Electronics,25012.9,140,1764.9542857142858,1992.4914285714287,12658.22,247.0936,12411.1264,49.61890224644084,50.60676690827533,0.5714285714285714,0.4285714285714285,266.841726618705,57.1803699897225,146.5859712230216,2470.936,169.0,27616.069449999974,50.556930234590055,155,8490.47867965814,High Profit,46.67647132986301,19.08166643245881,1.0
2023-12-01,North,Electronics,33060.88,231,2879.2033333333334,3168.5466666666666,15785.659999999996,345.50440000000003,15440.155599999996,46.70219183518405,47.74724689723927,0.6666666666666666,0.3333333333333333,274.4634146341463,35.644599303135884,143.79030487804877,4030.8846666666655,165.0,33472.515624321386,46.36464987568371,193,4405.689807133471,Low Profit,32.175317536151326,24.405755790223797,1.0
2023-01-01,North,Food,29034.34,139,3317.963333333333,3549.99,9126.56,398.1556,8728.404400000001,30.06234824004955,31.43367474514661,0.5,0.5,291.03409090909093,62.81311314584696,145.3034090909091,4645.148666666666,167.0,30420.59933917378,39.52237418632066,143,2533.5679672163187,Low Profit,,,1.0
2023-02-01,North,Food,7400.84,48,3304.285,3492.04,792.2700000000004,132.1714,660.0986000000005,8.919238897206268,10.705136173731637,0.5,0.5,276.42063492063494,172.76289682539684,144.3520634920635,4625.999,166.0,8520.371086666672,9.287865845680685,51,-2579.010063916234,Low Profit,-74.51004569072347,-92.43735086334908,1.0
2023-03-01,North,Food,13378.490000000002,88,1563.375,1686.9500000000005,10251.740000000002,62.535,10189.205000000002,76.16109889830616,76.62852833167271,1.0,0.0,279.55232558139534,95.30192917547568,136.6631976744186,2188.725,157.0,10262.85197714285,67.51268562379144,55,5209.014491363516,High Profit,80.76988558055574,1443.5883366515236,1.0
2023-04-01,North,Food,25278.13,158,2542.276666666666,2717.675,10024.47,305.0732,9719.3968,38.44982520463341,39.65669137709158,0.0,1.0,261.4074074074074,49.63431786216596,130.89822222222222,3559.1873333333333,151.0,28294.727008107962,40.004130632606426,157,3336.3108211295494,Low Profit,88.94606192477626,-4.610842553467142,1.0
2023-05-01,North,Food,27108.79,131,3720.1259999999993,4022.54,8508.160000000003,372.0126,8136.1474000000035,30.01294930537292,31.385244417032272,0.4,0.6,283.6896551724138,64.96709660436957,142.95114942528735,5208.176399999999,164.0,24518.34652222224,29.859017275363254,128,-2202.5852362962332,Low Profit,7.242070517083343,-16.28958496683659,1.0
2023-06-01,North,Food,9442.65,20,3115.06,3565.58,6327.59,62.3012,6265.2888,66.35095868214962,67.01074380602903,1.0,0.0,280.88732394366195,421.3309859154929,134.70218309859155,4361.084,155.0,9420.850633333323,66.1039517779995,29,4420.81975973602,High Profit,-65.16757110885436,-22.9944039607739,1.0
2023-07-01,North,Food,26144.44,83,2082.76,2365.5125,17813.399999999998,166.62080000000003,17646.779199999997,67.49725448317118,68.13456321879528,0.5,0.5,269.406015037594,97.37566808587736,130.943984962406,2915.864,151.0,24448.795082207766,67.20629946215315,87,12807.128037836723,High Profit,176.87608880981506,181.65946955230527,1.0
2023-08-01,North,Food,16411.02,78,3273.245,3569.42,3318.040000000001,261.8596,3056.180400000001,18.622732773465643,20.218365464182,0.25,0.75,275.7631578947368,106.06275303643724,142.17730263157895,4582.543,164.0,16546.25453925927,17.875182664104532,84,-2541.3783770397185,Low Profit,-37.229407093821855,-82.68136998053446,1.0
2023-09-01,North,Food,8995.75,49,2843.76,3146.6000000000004,6151.99,56.87520000000001,6095.114799999999,67.75549342745184,68.38773865436455,1.0,0.0,262.38775510204084,160.6455643481883,146.76551020408164,3981.264,169.0,8852.985528333329,66.94693934799761,43,3481.16925214032,High Profit,-45.18469906197178,99.4357008506434,1.0
2023-10-01,North,Food,48428.39,181,2256.08375,2500.67125,30379.72,360.9734,30018.7466,61.985844666733705,62.73122026150363,0.625,0.375,282.2953020134228,46.789276576810416,130.41624161073827,3158.5172500000003,150.0,38998.994314259275,57.44318624402651,231,11979.158012237267,High Profit,438.3474418475391,392.5050238594358,1.0
2023-11-01,North,Food,17971.66,91,3404.0175,3708.6625,4355.59,272.3214,4083.2686,22.72059787465376,24.235880269268392,0.5,0.5,273.5068493150685,90.16709318079182,137.7100684931507,4765.6245,158.0,18553.0816845055,22.69543110464598,98,-2461.172428504362,Low Profit,-62.890238556350944,-86.39760462217299,1.0
2023-12-01,North,Food,29391.15,113,3466.326,3727.3740000000007,12059.52,346.6326,11712.8874,39.85174925105006,41.03112671671575,0.6,0.4,246.7317073170732,65.50399309302827,122.93506097560974,4852.8564,141.0,26785.84498999997,39.75695271544334,122,2191.400287106235,Low Profit,63.541653915108576,186.85076950362756,1.0
2023-01-01,North,Furniture,47618.63,169,2251.964,2542.252,25098.99,450.3928,24648.5972,51.76250807719583,52.70834125215278,0.6,0.4,280.52941176470586,49.79812043160459,134.39732026143793,3152.7496,155.0,47922.05099999997,51.68022096488574,199,15803.405127705219,High Profit,,,1.0
2023-02-01,North,Furniture,25573.01,102,1130.86,1362.63,19918.71,113.08600000000004,19805.624,77.44737127150852,77.88957967794951,0.6,0.4,269.5859872611465,79.28999625327839,141.56515923566877,1583.2040000000002,163.0,25761.605336392455,77.11457198016251,121,17129.270490377745,High Profit,-46.29620801774431,-19.64806824787577,1.0
2023-03-01,North,Furniture,8451.15,87,3150.043333333333,3392.113333333333,-998.9799999999996,189.0026,-1187.9825999999996,-14.057052590475848,-11.820639794584164,0.3333333333333333,0.6666666666666666,278.1907894736842,95.92785843920146,147.3098684210526,4410.060666666666,169.0,11041.3767839316,-12.533185150396129,80,-6423.905528816334,Low Profit,-66.95285380954374,-105.99820838767818,1.0
2023-04-01,North,Furniture,18404.74,145,1935.95,2117.292,8724.990000000002,193.595,8531.395000000002,46.3543358939056,47.40621166069176,0.8,0.2,286.1849315068493,59.21067548417572,155.85890410958905,2710.33,179.0,20430.731818589775,47.301028437798905,142,4165.848267561577,Low Profit,117.77793554723326,-818.1414104886727,1.0
2023-05-01,North,Furniture,55211.09,339,2401.403,2658.7200000000003,31197.060000000005,480.2806,30716.779400000007,55.63516206617186,56.50506084918809,0.7,0.3,270.9342105263158,23.976478807638564,125.99986842105262,3361.9641999999994,145.0,51510.8660666666,55.104494013453426,298,14072.44022798431,High Profit,199.9829935114541,260.04404203532954,1.0
2023-06-01,North,Furniture,48498.86,234,2860.591111111111,3090.395555555556,22753.54,514.9064,22238.6336,45.85393058723442,46.915618222778846,0.3333333333333333,0.6666666666666666,284.47712418300654,36.47142617730853,137.86385620915033,4004.827555555555,159.0,47714.02873333339,46.657854187742224,236,8760.351909051678,Low Profit,-12.157394465495974,-27.601024474590595,1.0
2023-07-01,North,Furniture,23783.06,100,2764.728,3084.65,9959.420000000002,276.4728,9682.947200000002,40.71363062616838,41.87610845702782,0.4,0.6,287.3614457831325,86.20843373493976,146.710421686747,3870.6192,169.0,24369.468255555585,41.87992863969513,106,4344.692555299836,Low Profit,-50.961610231663165,-56.45889322984304,1.0
2023-08-01,North,Furniture,30272.88,140,2724.655,3030.748333333333,13924.95,326.9586,13597.9914,44.918063296257245,45.99810127084044,0.5,0.5,262.62264150943395,56.27628032345013,143.01704402515722,3814.517,164.0,30916.234171025597,44.65466265718327,151,5577.081975376303,Low Profit,27.287573592296365,40.43236133725894,1.0
2023-09-01,North,Furniture,38076.630000000005,124,1876.266,2092.2580000000003,28695.300000000003,187.6266,28507.673400000003,74.86921347818858,75.3619739982241,0.6,0.4,265.4846153846154,64.23014888337468,128.19884615384615,2626.7724,147.0,23424.612128034165,52.529943267395964,132,7351.593221463901,High Profit,25.778023101865436,109.6462084834088,1.0
2023-10-01,North,Furniture,36417.8,157,2498.8,2770.6316666666667,21425.000000000004,299.856,21125.144000000004,58.00774346610724,58.83112104520317,0.5,0.5,278.12578616352204,53.14505468092778,147.58691823899372,3498.3199999999997,170.0,34448.172626343054,57.132404173549304,159,11734.885215284285,High Profit,-4.356556764608632,-25.896639464096005,1.0
2023-11-01,North,Furniture,30326.47,200,2205.592857142857,2470.212857142857,14887.320000000002,308.783,14578.537000000002,48.07198793661115,49.090184251579565,0.4285714285714285,0.5714285714285714,285.68125,42.85218749999999,146.58462500000002,3087.83,169.0,30309.862954194174,47.398103324438495,180,6426.1658748103755,Low Profit,-16.7262437599196,-30.98964437828211,1.0
2023-12-01,North,Furniture,32349.03,130,2576.0014285714283,2825.5528571428576,14317.02,360.6402,13956.3798,43.143116810612256,44.257957657463,0.4285714285714285,0.5714285714285714,281.72549019607845,65.0135746606335,150.77745098039216,3606.401999999999,173.0,29386.08381533374,43.685964248263744,158,4697.429555245801,Low Profit,6.669289238081433,-4.267624385080627,1.0
2023-01-01,South,Clothing,23116.43,91,2883.225,3204.0600000000004,11583.53,230.658,11352.872,49.11170107148898,50.109510854400966,0.75,0.25,275.54491017964074,90.83898137790354,134.75868263473055,4036.515,155.0,23633.01632585862,49.24257900088839,93,6274.708234553783,High Profit,,,1.0
2023-02-01,South,Clothing,23403.51,171,2233.022,2570.296,12238.399999999998,223.30220000000003,12015.097799999998,51.33887096422716,52.29301074924231,0.6,0.4,265.0890410958904,46.50684931506849,135.7073287671233,3126.2308,156.0,24219.09086686863,52.619777032589745,148,6134.286493466581,High Profit,1.241887263734065,5.833112537514706,1.0
2023-03-01,South,Clothing,32150.77,126,3100.705,3339.0,13546.54,372.0846,13174.4554,40.9771069246553,42.13441855358364,0.3333333333333333,0.6666666666666666,279.23225806451615,66.48387096774194,153.55309677419353,4340.986999999999,177.0,32198.405519432396,40.90681693134707,146,4117.284200646962,Low Profit,37.375846614460826,9.649173226039022,1.0
2023-04-01,South,Clothing,30348.82,151,2374.976,2533.574,18473.94,237.49759999999995,18236.442400000004,60.08946113885154,60.87202072436425,0.4,0.6,285.6666666666667,56.754966887417226,135.48546666666667,3324.9664,156.0,28122.142347222176,59.54370197808464,147,9762.535189082708,High Profit,-5.604686917296231,38.42274193740109,1.0
2023-05-01,South,Clothing,25197.46,180,2503.6083333333336,2735.763333333334,10175.809999999998,300.43300000000005,9875.376999999997,39.19195426840641,40.38426889059452,0.6666666666666666,0.3333333333333333,271.828025477707,45.30467091295117,138.443949044586,3505.0516666666667,159.0,35692.242778256004,57.73928483113765,154,12897.332053691724,High Profit,-16.973839510069922,-45.84811673575108,1.0
2023-06-01,South,Clothing,6607.47,64,2875.41,3180.746666666668,-2018.7599999999995,172.5246,-2191.2845999999995,-33.16374648693069,-30.552692634245776,0.3333333333333333,0.6666666666666666,279.84615384615387,131.17788461538464,148.09403846153845,4025.574,170.0,9263.354632222205,-31.879117613683253,66,-6748.616918178692,Low Profit,-73.77723786445142,-122.18937666886032,1.0
2023-07-01,South,Clothing,18082.22,45,2255.84,2557.853333333333,11314.7,135.3504,11179.3496,61.82509448507982,62.5736220441959,0.3333333333333333,0.6666666666666666,290.8150684931507,193.87671232876716,145.8004794520548,3158.176,168.0,16852.53679776335,61.24874581411324,53,7930.777026491973,High Profit,173.66329321207667,-610.1733293794883,1.0
2023-08-01,South,Clothing,13780.38,194,3368.518,3612.816,-3062.209999999999,336.8518,-3399.061799999999,-24.66595115664444,-22.221520741808277,0.6,0.4,283.51851851851853,43.84306987399771,152.1716049382716,4715.9252,175.0,16852.311922222176,-23.68823890013237,170,-15444.97710833148,Low Profit,-23.790441660371343,-130.40482605535476,1.0
2023-09-01,South,Clothing,9242.13,55,2510.7200000000003,2818.78,4220.6900000000005,100.4288,4120.261200000001,44.58129457170588,45.6679358546136,1.0,0.0,285.59183673469386,155.7773654916512,154.38680272108843,3515.0080000000003,178.0,10025.686110476165,45.144093253736116,57,1663.7842870402292,Low Profit,-32.93269126105376,-221.21760186884515,1.0
2023-10-01,South,Clothing,33777.200000000004,187,2720.915,2969.2533333333336,17451.710000000006,326.5098,17125.200200000007,50.70047310019778,51.66713049038998,0.6666666666666666,0.3333333333333333,292.8766233766234,46.98555455239948,142.00987012987014,3809.281,163.0,30991.70207664858,50.639331492320345,165,6714.971249706405,High Profit,265.46986463077235,315.6338486501779,1.0
2023-11-01,South,Clothing,23388.26,101,2502.03,2803.34,15882.170000000002,150.1218,15732.0482,67.26472255738562,67.90659074253493,0.3333333333333333,0.6666666666666666,278.6981132075472,82.78161778441995,153.35345911949685,3502.842,176.0,21185.072003931597,66.95291305202136,88,9780.450038800438,High Profit,-30.75725637412219,-8.135099057119376,1.0
2023-12-01,South,Clothing,28052.37,141,2980.06,3279.44,10172.009999999998,357.60720000000003,9814.402799999998,34.98600225221612,36.26078652178051,0.6666666666666666,0.3333333333333333,288.2482269503546,61.329409989437146,162.2482978723404,4172.084,187.0,29220.313408139118,34.2340969808076,144,1420.7376302382727,Low Profit,19.942099155730265,-37.61522546059833,1.0
2024-01-01,South,Clothing,2370.72,11,213.41,503.36,2157.31,4.2682,2153.0418,90.81805527434705,90.9980934062226,0.0,1.0,372.0,1014.5454545454546,111.59,298.774,128.0,5075.860066666652,90.7111930828489,20,4519.009225689209,High Profit,-91.54894934010925,-78.06242678362457,0.8334080114705619
2023-01-01,South,Electronics,28413.77,84,1966.2942857142857,2174.8642857142854,14649.71,275.2812,14374.428800000002,50.58965705712407,51.558487310905946,0.2857142857142857,0.7142857142857143,270.3805970149254,96.56449893390192,136.53223880597014,2752.812,157.0,29493.954504572663,51.14649181772279,112,10680.62382740414,High Profit,,,1.0
2023-02-01,South,Electronics,2328.25,35,904.26,1134.455,519.73,36.1704,483.5596000000001,20.769230108450557,22.322774616127997,1.0,0.0,278.5826086956522,238.78509316770183,135.63373913043478,1265.964,156.0,9895.110177777777,81.95039164376232,54,7132.480744270674,High Profit,-91.80590959946532,-96.63597345864623,1.0
2023-03-01,South,Electronics,24199.03,96,2309.56,2619.9133333333334,17270.35,138.5736,17131.7764,70.79530212574636,71.36794326053565,0.6666666666666666,0.3333333333333333,272.04137931034484,85.01293103448276,135.1741379310345,3233.384,155.0,15632.022485476184,54.597461222414644,94,4192.714614786997,High Profit,939.3656179533984,3442.846921041377,1.0
2023-04-01,South,Electronics,40147.59,145,2906.878571428572,3182.047142857143,19799.439999999995,406.963,19392.476999999995,48.30296662888108,49.31663394988341,0.5714285714285714,0.4285714285714285,261.9154929577465,54.18941233608548,124.97457746478872,4069.63,144.0,32315.68275592594,36.185182053595476,166,2042.651779951304,Low Profit,65.90578217391358,13.195949720660582,1.0
2023-05-01,South,Electronics,26389.55,100,3323.8540000000003,3612.81,9770.28,332.3854,9437.8946,35.7637572448185,37.02329141648872,0.2,0.8,280.875,84.2625,135.29525,4653.3956,156.0,24156.746928080775,34.7024572036187,115,738.1205645037035,Low Profit,-34.268657222015065,-51.33218618745814,1.0
2023-06-01,South,Electronics,35249.81,122,2304.12,2528.918333333333,21425.09,276.4944,21148.5956,59.99633927104855,60.78072477553778,0.5,0.5,278.1387283236994,68.3947692599261,146.29341040462427,3225.768,168.0,36991.25414370371,55.877568023128475,155,13527.04119675637,High Profit,33.57488096614001,124.08170991865067,1.0
2023-07-01,South,Electronics,18942.49,105,1820.4033333333332,2209.5533333333333,13481.28,109.2242,13372.055799999998,70.59291465905486,71.16952417554397,0.3333333333333333,0.6666666666666666,261.3475609756098,74.67073170731707,142.0054268292683,2548.5646666666667,163.0,17876.34702805863,70.47613404358017,95,9139.791960256827,High Profit,-46.26215006548971,-36.770951353384426,1.0
2023-08-01,South,Electronics,21954.2,108,1943.442,2192.046,12236.990000000002,194.3442,12042.645800000002,54.85349409224659,55.73871969828097,0.8,0.2,269.24183006535947,74.78939724037762,137.01692810457516,2720.8188,158.0,23637.554512222192,57.009005639378636,129,8461.45442488395,High Profit,15.899229721119037,-9.94170245685032,1.0
2023-09-01,South,Electronics,30828.44,129,2825.498333333333,3129.5399999999995,13875.45,339.05979999999994,13536.390200000002,43.908774495238816,45.008602446312565,0.6666666666666666,0.3333333333333333,284.9342105263158,66.26376988984089,153.09440789473683,3955.697666666666,176.0,31938.547110261596,38.96967887423764,155,3687.304412632715,Low Profit,40.42160497763525,12.403789207185678,1.0
2023-10-01,South,Electronics,32894.83,180,2813.4233333333336,3119.5383333333334,16014.29,337.61080000000004,15676.6792,47.65696980346152,48.68330372888384,0.3333333333333333,0.6666666666666666,261.6258503401361,43.60430839002268,127.31108843537416,3938.7926666666663,146.0,33077.936599461274,47.22243052011881,150,7179.935628169551,Low Profit,6.702869168858383,15.811371926911487,1.0
2023-11-01,South,Electronics,24101.97,62,1245.9525,1480.3525000000002,19118.160000000003,99.6762,19018.4838,78.908420349042,79.32198073435492,0.5,0.5,261.0065359477124,126.29348513598984,127.66228758169936,1744.3334999999995,147.0,22364.521858654716,78.38627142045844,76,15636.867006012842,High Profit,-26.730218700020647,21.317043982120907,1.0
2023-12-01,South,Electronics,8214.03,108,3793.146666666667,4053.7966666666666,-3165.41,227.5888,-3392.9988,-41.30735826384856,-38.53662574887113,0.6666666666666666,0.3333333333333333,255.8944099378882,71.08178053830228,132.93254658385092,5310.405333333333,153.0,10937.86096976192,-40.52694365081553,90,-11260.44475181996,Low Profit,-65.91967378600172,-117.84053258756622,1.0
2023-01-01,South,Food,3187.48,55,2251.46,2426.725,-1315.44,90.0584,-1405.4984,-44.09434412137488,-41.26896482487734,0.0,1.0,279.3647798742138,152.38078902229844,136.85364779874214,3152.044,157.0,7185.0585199999905,-43.06381433494721,57,-5660.8246609101025,Low Profit,,,1.0
2023-02-01,South,Food,25489.23,89,2945.976666666667,3022.83,16651.3,176.7586,16474.5414,64.63334278830706,65.326806655203,0.6666666666666666,0.3333333333333333,289.9609375,97.73964185393258,154.5853125,4124.367333333334,178.0,13618.321357539675,31.985948010176337,74,-4.096277385287067,Low Profit,699.6671351663383,-1272.149424005036,1.0
2023-03-01,South,Food,32861.78,255,1864.5088888888888,2149.261111111111,16081.2,335.61159999999995,15745.5884,47.91459379254563,48.9358762672016,0.5555555555555556,0.4444444444444444,285.5389221556886,33.59281437125748,141.90269461077844,2610.312444444444,163.0,39360.17923333335,48.5708649505834,235,10354.387721952135,Low Profit,28.924176995538907,-4.424724077600106,1.0
2023-04-01,South,Food,37128.990000000005,93,1893.84,2123.935,29553.630000000005,151.5072,29402.122800000005,79.189126340361,79.59718268662843,0.25,0.75,272.68125,87.96169354838709,124.3288125,2651.376,143.0,30750.283430000058,78.38338178712382,95,20504.816061559624,High Profit,12.98532824454428,86.7324488172192,1.0
2023-05-01,South,Food,15113.36,136,3339.3375,3637.0375,1756.0100000000002,267.147,1488.8630000000005,9.85130374714822,11.618925242302176,0.25,0.75,274.01169590643275,60.4437564499484,135.49473684210523,4675.0725,156.0,17538.65146142859,10.849069063555437,121,-6178.416340133338,Low Profit,-59.29498755554623,-94.9362057626669,1.0
2023-06-01,South,Food,18625.85,117,3080.9975,3407.6675,6301.859999999999,246.4798,6055.380199999999,32.5106247500114,33.833945833344515,0.5,0.5,274.13422818791946,70.29082774049218,144.21577181208053,4313.3965,166.0,19882.46504888889,37.56160859932557,83,2353.7178515613514,Low Profit,23.240960315905923,306.7117122260408,1.0
2023-07-01,South,Food,13653.04,69,3835.0,4150.15,5983.040000000001,153.4,5829.640000000001,42.69847594381911,43.82203523903834,0.0,1.0,299.09090909090907,130.0395256916996,148.93832167832167,5369.0,171.0,12590.89263000001,42.49552079108265,58,901.9653953645466,Low Profit,-26.69843255475588,-3.727927769093631,1.0
2023-08-01,South,Food,33331.08,167,1864.52,2009.2514285714285,20279.44,261.0328,20018.4072,60.05928160743667,60.84243294846732,0.8571428571428571,0.1428571428571428,272.9453125,49.03209206586826,131.754296875,2610.328,152.0,34277.75859164951,60.28964885059558,162,14624.895488760347,High Profit,144.12936606059895,243.39010985240932,1.0
2023-09-01,South,Food,32446.16,224,1546.061428571429,1828.9614285714283,21623.73,216.4486,21407.2814,65.97785808859969,66.64495891039186,0.5714285714285714,0.4285714285714285,272.45454545454544,36.48944805194805,148.62272727272727,2164.486,171.0,33611.012805636994,66.62742958930546,196,16333.59309132823,High Profit,-2.6549394739084464,6.937985555614024,1.0
2023-10-01,South,Food,31134.13,114,1159.17,1335.07,26497.45,92.7336,26404.7164,84.80955273200182,85.10740463921748,0.75,0.25,289.6460674157304,76.22264931992903,149.6355617977528,1622.838,172.0,26942.308637036993,84.76864046755658,111,20265.27134218933,High Profit,-4.043714263875908,23.344556959951035,1.0
2023-11-01,South,Food,36768.66,131,2172.3214285714284,2448.6985714285715,21562.41,304.125,21258.285,57.81631693948052,58.64344797988287,0.5714285714285714,0.4285714285714285,274.12857142857143,62.777535441657584,143.14657142857143,3041.2499999999995,165.0,34444.73109219784,58.02728065878842,139,13948.287211606024,High Profit,18.097599001481647,-19.490576312343972,1.0
2023-12-01,South,Food,21447.75,127,2492.7740000000003,2724.3900000000003,8983.879999999997,249.27740000000009,8734.602599999997,40.72502989824106,41.88728421396182,0.8,0.2,279.4640522875817,66.01513046163348,144.87960784313728,3489.8836,167.0,22282.40364173789,41.1837101563444,132,2595.7971716800575,Low Profit,-41.66839368092282,-58.91200724799768,1.0
2023-01-01,South,Furniture,49076.23,295,2507.647777777778,2801.4955555555557,26507.4,451.37660000000005,26056.0234,53.09296048209082,54.012706354991,0.3333333333333333,0.6666666666666666,292.72847682119203,29.768997642833085,145.57523178807946,3510.7068888888894,167.0,47865.92708888902,51.75348217177451,274,11030.374220080537,High Profit,,,1.0
2023-02-01,South,Furniture,13133.7,80,2082.585,2224.915,8968.53,83.3034,8885.2266,67.6521208798739,68.28639301948422,1.0,0.0,288.57232704402514,108.21462264150944,156.44584905660378,2915.619,180.0,11937.038222222203,67.5052492910993,66,5309.115209884905,High Profit,-73.23816438222741,-65.89952939633912,1.0
2023-03-01,South,Furniture,18626.13,94,1441.0333333333335,1745.1566666666668,14303.03,86.462,14216.568,76.32593566135316,76.79013300132664,1.0,0.0,264.92857142857144,84.5516717325228,144.07267857142855,2017.4466666666667,166.0,16909.697215238062,76.438725769906,97,10129.952416210586,High Profit,41.81936544918796,60.00231215262424,1.0
2023-04-01,South,Furniture,32558.87,141,3748.485,3973.936666666667,10067.96,449.8182,9618.1418,29.540772760234,30.922326235523528,0.3333333333333333,0.6666666666666666,269.91735537190084,57.42922454721294,136.53727272727272,5247.879,157.0,32684.311340954446,29.090664395756953,148,-1587.4322777386133,Low Profit,74.8021193881928,-32.34554359392507,1.0
2023-05-01,South,Furniture,15380.96,57,2680.09,2906.036666666667,7340.69,160.80539999999996,7179.8846,46.68034114905702,47.72582465593826,0.3333333333333333,0.6666666666666666,273.8376623376623,144.12508544087493,153.83902597402596,3752.1259999999993,177.0,16476.032598679107,63.142875821037144,71,6597.713004017547,High Profit,-52.75953987346613,-25.3506056648073,1.0
2023-06-01,South,Furniture,49984.39,226,2168.423333333333,2466.4444444444443,30468.58,390.3162,30078.2638,60.17531433313481,60.95619052268118,0.2222222222222222,0.7777777777777778,278.9390243902439,37.02730412259875,133.8695731707317,3035.7926666666663,154.0,48173.033213333256,59.564882238256985,239,18329.14697078505,High Profit,224.97574923801895,318.92405624458087,1.0
2023-07-01,South,Furniture,17963.47,91,3187.7650000000003,3331.775,5212.41,255.0212,4957.3888,27.597055580018782,29.01672115688116,0.5,0.5,285.9148936170213,94.25765723638064,155.5875,4462.871,179.0,18982.163141709418,27.021558434466954,100,-1246.253694537143,Low Profit,-64.06184010648124,-83.51836783877134,1.0
2023-08-01,South,Furniture,22515.49,92,3002.5875,3252.0150000000003,10505.140000000005,240.207,10264.933000000005,45.59053789191353,46.657390090111306,0.5,0.5,264.41333333333336,86.22173913043478,128.78073333333333,4203.6225,148.0,21888.90212295486,45.42447775551308,89,4598.313725767661,Low Profit,25.34042698877221,107.06330316476294,1.0
2023-09-01,South,Furniture,15275.17,79,1083.6375,1380.935,10940.62,86.691,10853.928999999998,71.05602752702588,71.62355639904497,0.25,0.75,266.10493827160496,101.05250820440696,140.79574074074074,1517.0925,162.0,19058.36319365077,71.22651957549462,92,11580.715790894526,High Profit,-32.157061649557704,5.737942955886766,1.0
2023-10-01,South,Furniture,16920.73,61,2731.41,3175.516666666667,8726.5,163.8846,8562.6154,50.60429071322573,51.57283403257424,0.6666666666666666,0.3333333333333333,278.1381578947368,136.78925798101812,142.41776315789474,3823.974,164.0,14609.253718148138,49.97748909913806,69,3531.992384452908,High Profit,10.77277699691721,-21.110453182437418,1.0
2023-11-01,South,Furniture,21262.79,135,2015.7483333333328,2287.6916666666666,9168.3,241.8898,8926.4102,41.98136839050755,43.11898861814466,0.3333333333333333,0.6666666666666666,291.30128205128204,64.73361823361823,162.02243589743588,2822.0476666666664,186.0,26532.32400237484,52.67242595539853,133,8613.328147730654,High Profit,25.66118601266021,4.248641133642406,1.0
2023-12-01,South,Furniture,17183.72,89,2913.226666666667,2965.8233333333333,8444.04,174.7936,8269.2464,48.122562518476784,49.13976717497725,0.3333333333333333,0.6666666666666666,280.7398843930636,94.63142170552705,147.0714450867052,4078.517333333333,169.0,16835.43525238282,47.873918092345505,87,2990.768083215612,Low Profit,-19.184076972024837,-7.362016592067444,1.0
2023-01-01,West,Clothing,13317.04,74,3552.8275,3735.5425,-894.2700000000004,284.2262,-1178.4962000000005,-8.849535632542972,-6.715231012297031,0.5,0.5,274.3066666666667,111.2054054054054,148.55846666666667,4973.9585,171.0,15729.669326666686,-9.705689952813335,80,-7211.19693544905,Low Profit,,,1.0
2023-02-01,West,Clothing,30150.87,89,2628.116,2956.752,17010.29,262.8116,16747.4784,55.54558923175351,56.41724434485639,0.6,0.4,263.7730496453901,88.91226392541238,139.08602836879433,3679.3624,160.0,28169.896468624385,54.882792960680376,110,9678.570756113133,High Profit,126.40819581528628,-1521.0888758063024,1.0
2023-03-01,West,Clothing,35820.75,120,2003.73,2288.348,25802.1,200.373,25601.727,71.47177822909904,72.0311551265677,0.8,0.2,270.7696969696969,67.69242424242424,135.25430303030302,2805.222,156.0,30506.333580634924,70.20071732603753,130,16205.967003479585,High Profit,18.80502950661125,52.86914476629507,1.0
2023-04-01,West,Clothing,10960.18,51,3925.73,4171.25,-817.0100000000002,235.5438,-1052.5538,-9.603435345039957,-7.454348377490152,0.6666666666666666,0.3333333333333333,285.9753086419753,168.22076978939722,146.466975308642,5496.022,168.0,11596.290405079359,-9.560686573238335,60,-5819.560979752148,Low Profit,-69.40270653182861,-104.11126093173324,1.0
2023-05-01,West,Clothing,17347.34,46,2513.525,2871.655,12320.29,100.541,12219.749000000002,70.44162966771852,71.02120555658678,0.5,0.5,263.638036809816,171.93785009335824,137.34122699386504,3518.935,158.0,14127.505627445902,70.22988383816988,47,7559.01729138617,High Profit,58.2760502108542,-1260.961938477634,1.0
2023-06-01,West,Clothing,22597.48,165,2109.646,2328.394,12049.25,210.9646,11838.2854,52.38763525844475,53.32121103769093,0.6,0.4,262.5730994152047,47.740563530037214,138.156432748538,2953.5044,159.0,23985.35316305915,52.80720701985452,150,6337.057099259869,High Profit,30.264812933856145,-3.121697507862076,1.0
2023-07-01,West,Clothing,3023.48,19,3049.33,3209.22,-25.84999999999991,60.9866,-86.83659999999992,-2.8720745630862425,-0.8549750618492568,0.0,1.0,264.04487179487177,416.912955465587,146.48551282051284,4269.062,168.0,5720.306022222215,-2.5189765596116174,25,-1668.7581678378292,Low Profit,-86.6202780133006,-100.73352345433402,1.0
2023-08-01,West,Clothing,62943.740000000005,337,2829.442727272727,3103.050909090909,31819.870000000006,622.4774,31197.392600000006,49.563932171809306,50.55287467824442,0.3636363636363636,0.6363636363636364,287.2215568862275,25.568684589278416,151.12461077844313,3961.2198181818176,174.0,44938.12013333335,44.29153197182008,250,5756.5682100266185,Low Profit,1981.830870387765,-36026.54779206007,1.0
2023-09-01,West,Clothing,24830.36,164,2031.488,2335.852,14672.920000000002,203.1488,14469.7712,58.274512330872376,59.0926591479141,0.8,0.2,288.987012987013,52.8634779854292,159.82337662337662,2844.0832,184.0,23156.709310400693,58.09293452087401,164,6789.131336880208,High Profit,-60.55150202387085,-53.61865209209824,1.0
2023-10-01,West,Clothing,36032.93,205,2352.5271428571427,2577.477142857143,19565.24,329.3538,19235.8862,53.38418552141056,54.29822109942212,0.4285714285714285,0.5714285714285714,284.581560283688,41.64608199273483,139.05659574468083,3293.538,160.0,31700.410404273545,43.84001427066451,185,5193.114016521313,Low Profit,45.116421993076216,32.938426835664124,1.0
2023-11-01,West,Clothing,28682.94,170,2114.446,2412.594,18110.71,211.4446,17899.2654,62.40387282475229,63.14105178897281,1.0,0.0,283.9527027027027,50.10930047694753,151.21263513513514,2960.2244,174.0,26581.446888080765,61.61390145223319,162,9527.06145019979,High Profit,-20.397980402925885,-6.948579265352484,1.0
2023-12-01,West,Clothing,28601.89,229,2464.0775,2704.87375,8889.27,394.2524,8495.017600000001,29.700895989740545,31.079309793863278,0.375,0.625,260.9493670886076,34.18550660549444,124.5717088607595,3449.7085,143.0,31223.574758293194,30.759749579686066,233,-1878.3077445229465,Low Profit,-0.2825721491590438,-52.53985339532426,1.0
2023-01-01,West,Electronics,14180.9,116,3424.01,3512.0550000000003,484.8599999999988,273.92080000000004,210.93919999999872,1.4874881001910931,3.419105980579503,0.5,0.5,290.1923076923077,75.04973474801061,163.70108974358973,4793.614,188.0,18997.20449555557,18.722572681117843,91,-2674.932780939023,Low Profit,,,1.0
2023-02-01,West,Electronics,28503.04,139,2351.691428571429,2657.191428571429,12041.2,329.2368,11711.9632,41.0902247619903,42.24531839410814,0.4285714285714285,0.5714285714285714,256.62204724409446,55.38605336203477,123.19850393700789,3292.368,142.0,29576.31311019945,40.75241663855853,150,4997.988059278803,Low Profit,100.99598756073308,5452.293362257974,1.0
2023-03-01,West,Electronics,2494.74,47,2936.48,3096.64,-441.7400000000002,58.729600000000005,-500.4696000000002,-20.060992327857825,-17.706855223390022,0.0,1.0,272.94117647058823,174.2177722152691,134.72411764705882,4111.072,155.0,4876.442853333327,-19.661745335213386,46,-3660.355375239612,Low Profit,-91.24745992006468,-104.27314867246167,1.0
2023-04-01,West,Electronics,35827.38,195,2638.842857142857,2919.612857142857,17355.479999999996,369.4380000000001,16986.041999999998,47.41078471269738,48.44194579676213,0.1428571428571428,0.8571428571428571,264.8125,40.74038461538461,133.58381944444443,3694.38,154.0,33790.176910079324,46.98824009235002,181,6324.798311280749,Low Profit,1336.1167897255827,-3494.020735725005,1.0
2023-05-01,West,Electronics,20493.78,85,2744.883333333333,3000.263333333333,12259.13,164.69299999999998,12094.437,59.01515972163261,59.81878404081628,0.0,1.0,272.3428571428572,96.12100840336134,139.9570857142857,3842.836666666666,161.0,19400.698611111085,58.88583766859898,88,6593.269224046345,High Profit,-42.79855239205322,-28.79779173982967,1.0
2023-06-01,West,Electronics,38158.7,160,2690.587142857143,2903.2114285714283,19324.59,376.6822,18947.9078,49.65553805554172,50.64268436817816,0.5714285714285714,0.4285714285714285,273.19565217391306,51.2241847826087,125.35065217391303,3766.822,144.0,36056.59109978083,49.38970964657594,167,8821.684595492035,High Profit,86.19649474133126,56.66630699717563,1.0
2023-07-01,West,Electronics,24928.58,156,2798.352,2956.45,10936.82,279.8352,10656.9848,42.75006759309997,43.872615287352914,0.2,0.8,283.3,54.48076923076923,141.318,3917.6928,163.0,25193.442093636346,54.68841052810894,141,5886.54039832925,High Profit,-34.671306936557066,-43.756403543403344,1.0
2023-08-01,West,Electronics,18393.58,59,1593.285,1911.555,15207.010000000002,63.73140000000001,15143.2786,82.32915288921461,82.67564008746531,0.0,1.0,241.07638888888889,122.58121468926554,124.28277777777778,2230.599,143.0,15461.830551587314,82.16494582046099,54,10983.456895563202,High Profit,-26.21489069975104,42.097214964593,1.0
2023-09-01,West,Electronics,25865.91,141,3419.27,3605.1666666666665,5350.290000000001,410.3124,4939.977600000001,19.09841022411352,20.684715905993645,0.1666666666666666,0.8333333333333334,274.9268292682927,58.49507005708355,142.7942276422764,4786.978,164.0,28963.48037478637,19.99895904649824,148,-4328.644621405921,Low Profit,40.62466360545363,-67.37841434152838,1.0
2023-10-01,West,Electronics,33046.14,195,2607.184285714286,2862.1014285714286,14795.85,365.0058,14430.844199999998,43.66877402322933,44.77330786591112,0.7142857142857143,0.2857142857142857,280.2117647058824,43.10950226244344,138.93235294117648,3650.058,160.0,33551.052155695026,44.35724453707436,175,5757.177249462999,Low Profit,27.759433168985748,192.12367683610535,1.0
2023-11-01,West,Electronics,13855.59,77,2808.2233333333334,3097.2966666666666,5430.92,168.4934,5262.4266,37.980530601728255,39.19659862914535,0.6666666666666666,0.3333333333333333,264.271523178808,102.96293110862648,151.27582781456954,3931.5126666666665,174.0,14115.913170634922,43.25422794968454,94,826.2693933393048,Low Profit,-58.071986622340766,-63.53348059845314,1.0
2023-12-01,West,Electronics,39739.91,145,2746.3266666666664,2930.215,23261.950000000004,329.5592,22932.390800000005,57.70619712022499,58.5354873727696,0.6666666666666666,0.3333333333333333,276.24375,57.15387931034483,136.614375,3844.857333333333,157.0,32646.592375636028,45.20727490522149,166,5640.830229107527,High Profit,186.8149966908663,335.77597452855696,1.0
2024-01-01,West,Electronics,8579.72,24,1362.78,1729.81,7216.94,27.2556,7189.684399999999,83.79859016378155,84.11626486645251,0.0,1.0,322.0,402.5,169.9185714285714,1907.892,195.0,7902.782654999984,83.81916110710314,28,5860.88932553864,High Profit,-78.41031849342387,-68.64834346011583,1.0
2023-01-01,West,Food,26545.63,130,2217.546,2547.242,15457.9,221.7546,15236.1454,57.39605878632378,58.23143018267037,0.6,0.4,266.0536912751678,61.39700567888488,132.58946308724833,3104.5644,152.0,26639.14996131308,57.64762569644733,131,9546.866938413057,High Profit,,,1.0
2023-02-01,West,Food,42383.14,234,1443.76,1714.8225,30833.06,231.0016,30602.0584,72.20337709759116,72.74840891920702,0.5,0.5,273.1437125748503,35.018424689083375,149.02263473053893,2021.264,171.0,39046.68743666668,71.40315520183735,218,21585.77323157944,High Profit,59.66145840200439,100.85170885806848,1.0
2023-03-01,West,Food,34966.77,181,2823.978333333333,2999.1066666666666,18022.9,338.8774,17684.022599999997,50.57379506314137,51.54293633641311,0.5,0.5,261.46206896551723,43.33625452467137,126.67406896551724,3953.569666666666,146.0,34475.87624322748,50.64958811914333,169,7916.8425509936405,High Profit,-17.49839676814885,-42.212963687436144,1.0
2023-04-01,West,Food,25465.92,91,2534.67,2770.855,15327.239999999998,202.7736,15124.466399999998,59.39100727560598,60.18726203490783,0.25,0.75,264.1533333333333,87.08351648351648,131.6058,3548.538,151.0,23968.4833722222,58.81100170407497,93,9381.618964478523,High Profit,-27.171082716533437,-14.473834703196998,1.0
2023-05-01,West,Food,41941.92,127,2675.568333333333,2951.725,25888.51,321.0682,25567.4418,60.95915923734536,61.72466591896604,0.6666666666666666,0.3333333333333333,252.48427672955972,59.64195513296687,141.43893081761007,3745.795666666666,163.0,39134.13161615383,59.885965758381694,140,15944.261326156575,High Profit,64.69823199004787,69.04690138357543,1.0
2023-06-01,West,Food,4022.53,60,603.3599999999999,965.94,2815.81,24.1344,2791.6756,69.40098892985262,70.00096953907119,1.0,0.0,295.0409836065574,147.5204918032787,148.26860655737704,844.7039999999998,171.0,6659.192450000013,69.2812151731438,57,3925.739050078256,High Profit,-90.40928503034674,-89.08113051811073,1.0
2023-07-01,West,Food,11611.14,19,3167.06,3492.8,5277.02,126.6824,5150.3376,44.356864183878585,45.44790606262607,0.5,0.5,261.5267175572519,412.93692245881886,146.13923664122137,4433.884,168.0,10776.897930317444,43.768879851332066,33,2626.667906821334,Low Profit,188.65266387074803,84.48911470945978,1.0
2023-08-01,West,Food,38747.46,218,1720.7311111111112,1938.996666666667,23260.88,309.7316,22951.1484,59.23265266936206,60.0320124209432,0.4444444444444444,0.5555555555555556,265.5436241610738,36.54270057262484,135.3,2409.0235555555555,156.0,41252.86379999997,59.254294950155874,224,16735.218213660282,High Profit,233.70935153654165,345.6241548126864,1.0
2023-09-01,West,Food,7315.73,25,1821.91,2027.74,5493.82,36.4382,5457.3818,74.59791162331032,75.09599178755913,1.0,0.0,273.40157480314963,328.08188976377954,125.35165354330708,2550.674,144.0,7822.077786666656,74.4440030563315,35,4547.730826574752,High Profit,-81.11945918519564,-76.2217484507224,1.0
2023-10-01,West,Food,17573.989999999998,100,2039.246666666667,2430.2500000000005,11456.249999999998,122.3548,11333.8952,64.49244138638977,65.18866802587232,0.3333333333333333,0.6666666666666666,274.6623376623377,82.3987012987013,153.8262987012987,2854.945333333333,177.0,16796.628989049477,64.2080888809216,84,7358.860070287532,High Profit,140.2219600778049,107.68008571436214,1.0
2023-11-01,West,Food,50359.74,96,2311.2214285714285,2484.011428571429,34181.19,323.571,33857.619,67.23152065519004,67.87403985802946,0.7142857142857143,0.2857142857142857,264.1851851851852,82.55787037037035,136.186,3235.71,157.0,43473.03526888899,65.47423175590643,115,23147.826577565036,High Profit,186.5583740516525,198.72888713493663,1.0
2023-12-01,West,Food,14801.54,108,2063.9875,2287.66,6545.59,165.11900000000003,6380.4710000000005,43.106805102712286,44.22235794383557,0.75,0.25,248.9298245614035,69.14717348927876,129.46684210526317,2889.5825,149.0,18128.536077777797,43.486309784234805,102,3672.896858129223,Low Profit,-70.60838677880386,-81.15499202705305,1.0
2023-01-01,West,Furniture,30295.7,121,2464.492,2703.852,17973.239999999998,246.4492,17726.7908,58.51256382919028,59.32604296979439,0.6,0.4,258.0268456375839,63.97359809196296,137.9869798657718,3450.2888000000003,159.0,28776.526056560873,58.204399740578246,127,10489.394577412348,High Profit,,,1.0
2023-02-01,West,Furniture,31177.73,203,2279.71,2570.465,12940.05,364.7536,12575.2964,40.33422702679124,41.50414414391298,0.5,0.5,273.97972972972974,40.48961523099455,138.77560810810812,3191.594,160.0,34427.825956284665,53.52073213618989,231,7893.764310376773,High Profit,2.9114032684506297,-29.060502028376167,1.0
2023-03-01,West,Furniture,19662.74,143,3483.9375,3674.48,5726.990000000002,278.71500000000003,5448.2750000000015,27.708625552695104,29.126103483034417,0.25,0.75,283.28823529411767,59.43109831345126,137.9559411764706,4877.5125,159.0,20911.917982777835,27.9099178086289,133,-3430.7746287988193,Low Profit,-36.933381615659634,-56.67477865571422,1.0
2023-04-01,West,Furniture,23193.13,132,3074.712,3429.356,7819.5700000000015,307.4712,7512.098800000002,32.389327356850934,33.7150268204421,0.4,0.6,275.27096774193546,62.56158357771261,140.51116129032258,4304.596799999999,162.0,23223.122415757527,31.655993675324677,128,-519.752556854889,Low Profit,17.954720450964622,37.880316246885485,1.0
2023-05-01,West,Furniture,29243.69,171,2570.475,2819.708333333333,13820.84,308.457,13512.383,46.20614908720479,47.26093047765176,0.5,0.5,270.7307692307692,47.49662618083671,128.2145512820513,3598.6649999999995,147.0,30543.64649228179,46.83327966941403,162,5976.252382967501,Low Profit,26.087725115152622,79.874937214617,1.0
2023-06-01,West,Furniture,20946.67,135,2761.724,3051.1520000000005,7138.049999999999,276.1724,6861.877599999999,32.75879937001919,34.07725428433254,0.6,0.4,263.2142857142857,58.49206349206349,143.85207142857143,3866.4136,165.0,23486.842819991845,34.19870544079367,130,851.7137933512076,Low Profit,-28.372000934218637,-49.21785742751668,1.0
2023-07-01,West,Furniture,34712.71,175,3016.4216666666666,3305.0866666666666,16614.18,361.9706,16252.2094,46.81918928254233,47.861950277002286,0.5,0.5,273.9012345679012,46.95449735449736,141.3975308641975,4222.990333333333,163.0,34038.35883604822,45.5654941391344,161,5796.86863383042,Low Profit,65.71946758124324,136.8478475920352,1.0
2023-08-01,West,Furniture,6153.74,83,3105.335,3421.3500000000004,-6267.6,248.4268,-6516.026800000001,-105.88726205527044,-101.85025691693184,0.5,0.5,262.7124183006536,94.95629577132058,137.88960784313727,4347.469,159.0,12244.876960317455,-104.79057316421432,85,-18110.546249969484,Low Profit,-82.27237228093111,-140.09317527006513,1.0
2023-09-01,West,Furniture,19390.61,145,2496.05,2703.56,9406.41,199.68400000000003,9206.726,47.48033197511579,48.51012938736842,0.25,0.75,267.96666666666664,55.44137931034483,136.76573333333334,3494.4700000000003,157.0,20198.96982591574,47.63449106419918,116,3830.840476786121,Low Profit,215.10284802412843,-241.29355637395477,1.0
2023-10-01,West,Furniture,32539.24,213,2322.895,2576.87125,13956.079999999998,371.6632,13584.416799999995,41.74779988715163,42.88999988936435,0.375,0.625,267.36,37.65633802816902,143.56666666666666,3252.053,165.0,32822.45568260945,52.91036977219897,243,6077.212969984794,High Profit,67.80926438105865,47.54883332033555,1.0
2023-11-01,West,Furniture,28843.980000000003,177,2196.1316666666667,2445.86,15667.190000000002,263.5358,15403.654200000004,53.40335903713704,54.31701866385984,0.6666666666666666,0.3333333333333333,288.7450980392157,48.93984712529079,152.95176470588234,3074.584333333333,176.0,29554.960112417582,53.18945311034777,163,8560.732417443005,High Profit,-11.35631932399157,13.392090560707803,1.0
2023-12-01,West,Furniture,25336.51,191,2118.468333333333,2488.3566666666666,12625.7,254.2162,12371.483799999998,48.82868161400288,49.83204079804203,0.1666666666666666,0.8333333333333334,265.39864864864865,41.6856516202066,131.04006756756758,2965.8556666666664,151.0,29739.218701233727,49.577881566926585,168,7626.0210266269405,High Profit,-12.160145721914953,-19.684747272501124,1.0
